X,Camera_folder,Species,DateTimeOriginal,Date,Time,delta.time.secs,delta.time.mins,delta.time.hours,delta.time.days,Directory,FileName,n_images,Camera,Phase,Foxlight,Dog_Presence
30,Cam01_Phase1_FoxN,LYRU,10/24/2018 6:07,2018-10-24,6:07:42,0,0,0,0,master_cam_photos/Cam01_Phase1_FoxN/LYRU,01150338.JPG,1,Cam01,Phase1,FoxN,Y
33,Cam01_Phase1_FoxN,LYRU,10/24/2018 15:53,2018-10-24,15:53:48,35120,585.3,9.8,0.4,master_cam_photos/Cam01_Phase1_FoxN/LYRU,01150341.JPG,1,Cam01,Phase1,FoxN,Y
34,Cam01_Phase1_FoxN,LYRU,10/28/2018 7:53,2018-10-28,7:53:41,316793,5279.9,88,3.7,master_cam_photos/Cam01_Phase1_FoxN/LYRU,01190362.JPG,1,Cam01,Phase1,FoxN,Y
35,Cam01_Phase1_FoxN,LYRU,10/28/2018 8:10,2018-10-28,8:10:45,1024,17.1,0.3,0,master_cam_photos/Cam01_Phase1_FoxN/LYRU,01190363.JPG,1,Cam01,Phase1,FoxN,Y
325,Cam01_Phase2_FoxY,LYRU,11/26/2018 15:52,2018-11-26,15:52:14,0,0,0,0,master_cam_photos/Cam01_Phase2_FoxY/LYRU,01020178.JPG,1,Cam01,Phase2,FoxY,Y
328,Cam01_Phase2_FoxY,LYRU,12/9/2018 8:44,2018-12-09,8:44:36,1096858,18281,304.7,12.7,master_cam_photos/Cam01_Phase2_FoxY/LYRU,01050796.JPG,1,Cam01,Phase2,FoxY,Y
1216,Cam01_Phase3_FoxN,Dogs,1/25/2019 19:27,2019-01-25,19:27:15,0,0,0,0,master_cam_photos/Cam01_Phase3_FoxN/Dogs,01250123.JPG,1,Cam01,Phase3,FoxN,Y
1805,Cam01_Phase4_FoxY,LYRU,3/8/2019 16:43,2019-03-08,16:43:15,0,0,0,0,master_cam_photos/Cam01_Phase4_FoxY/LYRU,03080768.JPG,1,Cam01,Phase4,FoxY,N
1889,Cam01_Phase5_FoxN,LYRU,4/1/2019 23:16,2019-04-01,23:16:29,0,0,0,0,master_cam_photos/Cam01_Phase5_FoxN/LYRU,04010830.JPG,1,Cam01,Phase5,FoxN,N
2078,Cam01_Phase8_FoxY,Dogs,11/30/2019 14:45,2019-11-30,14:45:49,0,0,0,0,master_cam_photos/Cam01_Phase8_FoxY/Dogs,11300314.JPG,1,Cam01,Phase8,FoxY,Y
2080,Cam01_Phase8_FoxY,Dogs,12/1/2019 8:09,2019-12-01,8:09:30,62620,1043.7,17.4,0.7,master_cam_photos/Cam01_Phase8_FoxY/Dogs,12010346.JPG,1,Cam01,Phase8,FoxY,Y
2083,Cam01_Phase8_FoxY,Dogs,12/2/2019 7:59,2019-12-02,7:59:15,85772,1429.5,23.8,1,master_cam_photos/Cam01_Phase8_FoxY/Dogs,12020408.JPG,1,Cam01,Phase8,FoxY,Y
2377,Cam01_Phase9_FoxN,Dogs,12/11/2019 12:29,2019-12-11,12:29:11,0,0,0,0,master_cam_photos/Cam01_Phase9_FoxN/Dogs,12110001.JPG,1,Cam01,Phase9,FoxN,Y
2582,Cam02_Phase1_FoxY,LYRU,10/21/2018 17:42,2018-10-21,17:42:24,0,0,0,0,master_cam_photos/Cam02_Phase1_FoxY/LYRU,10210181.JPG,1,Cam02,Phase1,FoxY,N
2584,Cam02_Phase1_FoxY,LYRU,10/30/2018 10:14,2018-10-30,10:14:36,750731,12512.2,208.5,8.7,master_cam_photos/Cam02_Phase1_FoxY/LYRU,10300237.JPG,1,Cam02,Phase1,FoxY,N
2765,Cam02_Phase2_FoxN,Dogs,11/17/2018 16:06,2018-11-17,16:06:10,0,0,0,0,master_cam_photos/Cam02_Phase2_FoxN/Dogs,11170443.JPG,1,Cam02,Phase2,FoxN,N
2773,Cam02_Phase2_FoxN,Dogs,11/17/2018 22:16,2018-11-17,22:16:29,20686,344.8,5.7,0.2,master_cam_photos/Cam02_Phase2_FoxN/Dogs,11170553.JPG,1,Cam02,Phase2,FoxN,N
2774,Cam02_Phase2_FoxN,Dogs,11/19/2018 13:55,2018-11-19,13:55:51,142762,2379.4,39.7,1.7,master_cam_photos/Cam02_Phase2_FoxN/Dogs,11190555.JPG,1,Cam02,Phase2,FoxN,N
2780,Cam02_Phase2_FoxN,Dogs,11/19/2018 18:09,2018-11-19,18:09:27,14029,233.8,3.9,0.2,master_cam_photos/Cam02_Phase2_FoxN/Dogs,11190711.JPG,1,Cam02,Phase2,FoxN,N
2781,Cam02_Phase2_FoxN,Dogs,1/3/2019 8:28,2019-01-03,8:28:44,3853157,64219.3,1070.3,44.6,master_cam_photos/Cam02_Phase2_FoxN/Dogs,01030863.JPG,1,Cam02,Phase2,FoxN,N
2786,Cam02_Phase2_FoxN,LYRU,11/19/2018 17:50,2018-11-19,17:50:28,0,0,0,0,master_cam_photos/Cam02_Phase2_FoxN/LYRU,11190709.JPG,1,Cam02,Phase2,FoxN,Y
2788,Cam02_Phase2_FoxN,LYRU,11/20/2018 14:49,2018-11-20,14:49:32,75543,1259,21,0.9,master_cam_photos/Cam02_Phase2_FoxN/LYRU,11200713.JPG,1,Cam02,Phase2,FoxN,Y
2790,Cam02_Phase2_FoxN,LYRU,1/1/2019 9:04,2019-01-01,9:04:43,3608110,60135.2,1002.3,41.8,master_cam_photos/Cam02_Phase2_FoxN/LYRU,01010855.JPG,1,Cam02,Phase2,FoxN,Y
2792,Cam02_Phase2_FoxN,LYRU,1/3/2019 12:39,2019-01-03,12:39:15,185671,3094.5,51.6,2.1,master_cam_photos/Cam02_Phase2_FoxN/LYRU,01030867.JPG,1,Cam02,Phase2,FoxN,Y
2794,Cam02_Phase2_FoxN,LYRU,1/12/2019 3:23,2019-01-12,3:23:14,744238,12404,206.7,8.6,master_cam_photos/Cam02_Phase2_FoxN/LYRU,01120062.JPG,1,Cam02,Phase2,FoxN,Y
3347,Cam02_Phase3_FoxY,Dogs,1/14/2019 12:17,2019-01-14,12:17:16,0,0,0,0,master_cam_photos/Cam02_Phase3_FoxY/Dogs,01140063.JPG,1,Cam02,Phase3,FoxY,N
3348,Cam02_Phase3_FoxY,Dogs,1/17/2019 12:59,2019-01-17,12:59:43,261747,4362.4,72.7,3,master_cam_photos/Cam02_Phase3_FoxY/Dogs,01170093.JPG,1,Cam02,Phase3,FoxY,N
3349,Cam02_Phase3_FoxY,Dogs,2/5/2019 7:44,2019-02-05,7:44:17,1622674,27044.6,450.7,18.8,master_cam_photos/Cam02_Phase3_FoxY/Dogs,02050223.JPG,1,Cam02,Phase3,FoxY,N
3361,Cam02_Phase3_FoxY,LYRU,1/14/2019 3:21,2019-01-14,3:21:42,0,0,0,0,master_cam_photos/Cam02_Phase3_FoxY/LYRU,01140001.JPG,1,Cam02,Phase3,FoxY,Y
3362,Cam02_Phase3_FoxY,LYRU,1/14/2019 23:30,2019-01-14,23:30:10,72508,1208.5,20.1,0.8,master_cam_photos/Cam02_Phase3_FoxY/LYRU,01140067.JPG,1,Cam02,Phase3,FoxY,Y
3364,Cam02_Phase3_FoxY,LYRU,1/19/2019 17:24,2019-01-19,17:24:54,410083,6834.7,113.9,4.7,master_cam_photos/Cam02_Phase3_FoxY/LYRU,01190097.JPG,1,Cam02,Phase3,FoxY,Y
3365,Cam02_Phase3_FoxY,LYRU,2/1/2019 1:05,2019-02-01,1:05:49,1064455,17740.9,295.7,12.3,master_cam_photos/Cam02_Phase3_FoxY/LYRU,02010209.JPG,1,Cam02,Phase3,FoxY,Y
3614,Cam02_Phase5_FoxY,LYRU,4/13/2019 2:05,2019-04-13,2:05:37,0,0,0,0,master_cam_photos/Cam02_Phase5_FoxY/LYRU,04130409.JPG,1,Cam02,Phase5,FoxY,N
3637,Cam02_Phase7_FoxY,LYRU,7/6/2019 19:42,2019-07-06,19:42:37,0,0,0,0,master_cam_photos/Cam02_Phase7_FoxY/LYRU,01080783.JPG,1,Cam02,Phase7,FoxY,N
3745,Cam02_Phase8_FoxN,Dogs,10/31/2019 13:30,2019-10-31,13:30:30,0,0,0,0,master_cam_photos/Cam02_Phase8_FoxN/Dogs,10310515.JPG,1,Cam02,Phase8,FoxN,Y
3747,Cam02_Phase8_FoxN,Dogs,11/8/2019 19:41,2019-11-08,19:41:29,713458,11891,198.2,8.3,master_cam_photos/Cam02_Phase8_FoxN/Dogs,11080347.JPG,1,Cam02,Phase8,FoxN,Y
3826,Cam02_Phase8_FoxN,Dogs,11/9/2019 0:27,2019-11-09,0:27:58,15769,262.8,4.4,0.2,master_cam_photos/Cam02_Phase8_FoxN/Dogs,11090539.JPG,1,Cam02,Phase8,FoxN,Y
3836,Cam02_Phase8_FoxN,Dogs,11/29/2019 8:49,2019-11-29,8:49:19,1758015,29300.2,488.3,20.3,master_cam_photos/Cam02_Phase8_FoxN/Dogs,11290532.JPG,1,Cam02,Phase8,FoxN,Y
3837,Cam02_Phase8_FoxN,Dogs,11/30/2019 8:25,2019-11-30,8:25:46,84987,1416.4,23.6,1,master_cam_photos/Cam02_Phase8_FoxN/Dogs,11300594.JPG,1,Cam02,Phase8,FoxN,Y
3840,Cam02_Phase8_FoxN,Dogs,12/1/2019 7:27,2019-12-01,7:27:17,82879,1381.3,23,1,master_cam_photos/Cam02_Phase8_FoxN/Dogs,12010598.JPG,1,Cam02,Phase8,FoxN,Y
3846,Cam02_Phase8_FoxN,LYRU,10/22/2019 8:51,2019-10-22,8:51:33,0,0,0,0,master_cam_photos/Cam02_Phase8_FoxN/LYRU,10220785.JPG,1,Cam02,Phase8,FoxN,Y
3847,Cam02_Phase8_FoxN,LYRU,11/15/2019 15:44,2019-11-15,15:44:56,2098403,34973.4,582.9,24.3,master_cam_photos/Cam02_Phase8_FoxN/LYRU,11150959.JPG,1,Cam02,Phase8,FoxN,Y
3851,Cam02_Phase8_FoxN,LYRU,11/17/2019 14:39,2019-11-17,14:39:46,168877,2814.6,46.9,2,master_cam_photos/Cam02_Phase8_FoxN/LYRU,11170032.JPG,1,Cam02,Phase8,FoxN,Y
3853,Cam02_Phase8_FoxN,LYRU,11/17/2019 17:06,2019-11-17,17:06:10,8783,146.4,2.4,0.1,master_cam_photos/Cam02_Phase8_FoxN/LYRU,11170034.JPG,1,Cam02,Phase8,FoxN,Y
4509,Cam02_Phase9_FoxY,Dogs,12/17/2019 10:57,2019-12-17,10:57:01,0,0,0,0,master_cam_photos/Cam02_Phase9_FoxY/Dogs,12170029.JPG,1,Cam02,Phase9,FoxY,Y
4511,Cam02_Phase9_FoxY,Dogs,12/28/2019 7:23,2019-12-28,7:23:09,937567,15626.1,260.4,10.8,master_cam_photos/Cam02_Phase9_FoxY/Dogs,12280045.JPG,1,Cam02,Phase9,FoxY,Y
5072,Cam03_Phase1_FoxN,LYRU,10/20/2018 4:34,2018-10-20,4:34:58,0,0,0,0,master_cam_photos/Cam03_Phase1_FoxN/LYRU,10200375.JPG,1,Cam03,Phase1,FoxN,N
5074,Cam03_Phase1_FoxN,LYRU,11/3/2018 19:49,2018-11-03,19:49:46,1264486,21074.8,351.2,14.6,master_cam_photos/Cam03_Phase1_FoxN/LYRU,11030571.JPG,1,Cam03,Phase1,FoxN,N
5533,Cam03_Phase2_FoxY,LYRU,11/19/2018 13:05,2018-11-19,13:05:30,0,0,0,0,master_cam_photos/Cam03_Phase2_FoxY/LYRU,01010395.JPG,1,Cam03,Phase2,FoxY,N
5534,Cam03_Phase2_FoxY,LYRU,11/24/2018 11:15,2018-11-24,11:15:08,425378,7089.6,118.2,4.9,master_cam_photos/Cam03_Phase2_FoxY/LYRU,01040330.JPG,1,Cam03,Phase2,FoxY,N
5535,Cam03_Phase2_FoxY,LYRU,11/27/2018 7:44,2018-11-27,7:44:11,246543,4109,68.5,2.9,master_cam_photos/Cam03_Phase2_FoxY/LYRU,01050336.JPG,1,Cam03,Phase2,FoxY,N
5536,Cam03_Phase2_FoxY,LYRU,12/4/2018 18:38,2018-12-04,18:38:07,644036,10733.9,178.9,7.5,master_cam_photos/Cam03_Phase2_FoxY/LYRU,01070380.JPG,1,Cam03,Phase2,FoxY,N
5738,Cam03_Phase3_FoxN,Dogs,1/17/2019 15:15,2019-01-17,15:15:02,0,0,0,0,master_cam_photos/Cam03_Phase3_FoxN/Dogs,01170082.JPG,1,Cam03,Phase3,FoxN,N
5789,Cam03_Phase3_FoxN,LYRU,1/22/2019 21:38,2019-01-22,21:38:08,0,0,0,0,master_cam_photos/Cam03_Phase3_FoxN/LYRU,01220834.JPG,1,Cam03,Phase3,FoxN,N
6094,Cam03_Phase4_FoxY,Dogs,3/15/2019 10:42,2019-03-15,10:42:31,0,0,0,0,master_cam_photos/Cam03_Phase4_FoxY/Dogs,01180141.JPG,1,Cam03,Phase4,FoxY,N
6096,Cam03_Phase4_FoxY,Dogs,3/20/2019 10:59,2019-03-20,10:59:50,433036,7217.3,120.3,5,master_cam_photos/Cam03_Phase4_FoxY/Dogs,01190205.JPG,1,Cam03,Phase4,FoxY,N
6208,Cam03_Phase4_FoxY,LYRU,2/20/2019 22:00,2019-02-20,22:00:53,0,0,0,0,master_cam_photos/Cam03_Phase4_FoxY/LYRU,01020847.JPG,1,Cam03,Phase4,FoxY,N
6210,Cam03_Phase4_FoxY,LYRU,2/23/2019 22:47,2019-02-23,22:47:55,262021,4367,72.8,3,master_cam_photos/Cam03_Phase4_FoxY/LYRU,01040756.JPG,1,Cam03,Phase4,FoxY,N
6212,Cam03_Phase4_FoxY,LYRU,3/13/2019 6:32,2019-03-13,6:32:38,1496682,24944.7,415.7,17.3,master_cam_photos/Cam03_Phase4_FoxY/LYRU,01130069.JPG,1,Cam03,Phase4,FoxY,N
6214,Cam03_Phase4_FoxY,LYRU,3/31/2019 7:05,2019-03-31,7:05:10,1557150,25952.5,432.5,18,master_cam_photos/Cam03_Phase4_FoxY/LYRU,01260745.JPG,1,Cam03,Phase4,FoxY,N
6633,Cam03_Phase5_FoxN,LYRU,4/7/2019 17:05,2019-04-07,17:05:53,0,0,0,0,master_cam_photos/Cam03_Phase5_FoxN/LYRU,04070083.JPG,1,Cam03,Phase5,FoxN,N
6635,Cam03_Phase5_FoxN,LYRU,4/11/2019 18:59,2019-04-11,18:59:06,352392,5873.2,97.9,4.1,master_cam_photos/Cam03_Phase5_FoxN/LYRU,04110182.JPG,1,Cam03,Phase5,FoxN,N
6637,Cam03_Phase5_FoxN,LYRU,4/12/2019 15:04,2019-04-12,15:04:50,72342,1205.7,20.1,0.8,master_cam_photos/Cam03_Phase5_FoxN/LYRU,04120294.JPG,1,Cam03,Phase5,FoxN,N
6639,Cam03_Phase5_FoxN,LYRU,4/17/2019 10:48,2019-04-17,10:48:22,416611,6943.5,115.7,4.8,master_cam_photos/Cam03_Phase5_FoxN/LYRU,04170780.JPG,1,Cam03,Phase5,FoxN,N
6649,Cam03_Phase5_FoxN,LYRU,4/19/2019 5:59,2019-04-19,5:59:51,155440,2590.7,43.2,1.8,master_cam_photos/Cam03_Phase5_FoxN/LYRU,04190806.JPG,1,Cam03,Phase5,FoxN,N
6651,Cam03_Phase5_FoxN,LYRU,4/22/2019 11:05,2019-04-22,11:05:26,277531,4625.5,77.1,3.2,master_cam_photos/Cam03_Phase5_FoxN/LYRU,04220497.JPG,1,Cam03,Phase5,FoxN,N
6655,Cam03_Phase5_FoxN,LYRU,4/22/2019 16:33,2019-04-22,16:33:34,19676,327.9,5.5,0.2,master_cam_photos/Cam03_Phase5_FoxN/LYRU,04220545.JPG,1,Cam03,Phase5,FoxN,N
6661,Cam03_Phase5_FoxN,LYRU,4/25/2019 9:14,2019-04-25,9:14:19,232816,3880.3,64.7,2.7,master_cam_photos/Cam03_Phase5_FoxN/LYRU,04250685.JPG,1,Cam03,Phase5,FoxN,N
6887,Cam03_Phase6_FoxY,LYRU,6/27/2019 20:04,2019-06-27,20:04:25,0,0,0,0,master_cam_photos/Cam03_Phase6_FoxY/LYRU,06270848.JPG,1,Cam03,Phase6,FoxY,N
6889,Cam03_Phase6_FoxY,LYRU,6/28/2019 19:11,2019-06-28,19:11:59,83250,1387.5,23.1,1,master_cam_photos/Cam03_Phase6_FoxY/LYRU,06280329.JPG,1,Cam03,Phase6,FoxY,N
6891,Cam03_Phase6_FoxY,LYRU,6/29/2019 6:38,2019-06-29,6:38:20,41179,686.3,11.4,0.5,master_cam_photos/Cam03_Phase6_FoxY/LYRU,06290389.JPG,1,Cam03,Phase6,FoxY,N
7218,Cam03_Phase8_FoxY,LYRU,10/26/2019 6:20,2019-10-26,6:20:13,0,0,0,0,master_cam_photos/Cam03_Phase8_FoxY/LYRU,10260656.JPG,1,Cam03,Phase8,FoxY,N
7220,Cam03_Phase8_FoxY,LYRU,10/27/2019 10:47,2019-10-27,10:47:30,102436,1707.3,28.5,1.2,master_cam_photos/Cam03_Phase8_FoxY/LYRU,10270748.JPG,1,Cam03,Phase8,FoxY,N
7222,Cam03_Phase8_FoxY,LYRU,10/27/2019 21:53,2019-10-27,21:53:53,39982,666.4,11.1,0.5,master_cam_photos/Cam03_Phase8_FoxY/LYRU,10270940.JPG,1,Cam03,Phase8,FoxY,N
7224,Cam03_Phase8_FoxY,LYRU,10/29/2019 12:00,2019-10-29,12:00:25,137190,2286.5,38.1,1.6,master_cam_photos/Cam03_Phase8_FoxY/LYRU,10290043.JPG,1,Cam03,Phase8,FoxY,N
7226,Cam03_Phase8_FoxY,LYRU,11/6/2019 22:47,2019-11-06,22:47:49,730043,12167.4,202.8,8.5,master_cam_photos/Cam03_Phase8_FoxY/LYRU,11060643.JPG,1,Cam03,Phase8,FoxY,N
7228,Cam03_Phase8_FoxY,LYRU,11/11/2019 21:25,2019-11-11,21:25:15,427045,7117.4,118.6,4.9,master_cam_photos/Cam03_Phase8_FoxY/LYRU,11110841.JPG,1,Cam03,Phase8,FoxY,N
7230,Cam03_Phase8_FoxY,LYRU,11/14/2019 5:14,2019-11-14,5:14:33,200955,3349.2,55.8,2.3,master_cam_photos/Cam03_Phase8_FoxY/LYRU,11140907.JPG,1,Cam03,Phase8,FoxY,N
7232,Cam03_Phase8_FoxY,LYRU,11/14/2019 8:38,2019-11-14,8:38:50,12256,204.3,3.4,0.1,master_cam_photos/Cam03_Phase8_FoxY/LYRU,11140909.JPG,1,Cam03,Phase8,FoxY,N
7234,Cam03_Phase8_FoxY,LYRU,11/15/2019 20:00,2019-11-15,20:00:52,127321,2122,35.4,1.5,master_cam_photos/Cam03_Phase8_FoxY/LYRU,11150969.JPG,1,Cam03,Phase8,FoxY,N
7236,Cam03_Phase8_FoxY,LYRU,11/21/2019 19:44,2019-11-21,19:44:58,517443,8624,143.7,6,master_cam_photos/Cam03_Phase8_FoxY/LYRU,11210156.JPG,1,Cam03,Phase8,FoxY,N
7238,Cam03_Phase8_FoxY,LYRU,11/23/2019 4:27,2019-11-23,4:27:54,117773,1962.9,32.7,1.4,master_cam_photos/Cam03_Phase8_FoxY/LYRU,11230196.JPG,1,Cam03,Phase8,FoxY,N
7240,Cam03_Phase8_FoxY,LYRU,11/30/2019 13:45,2019-11-30,13:45:53,638277,10638,177.3,7.4,master_cam_photos/Cam03_Phase8_FoxY/LYRU,11300386.JPG,1,Cam03,Phase8,FoxY,N
7242,Cam03_Phase8_FoxY,LYRU,12/4/2019 18:43,2019-12-04,18:43:04,363430,6057.2,101,4.2,master_cam_photos/Cam03_Phase8_FoxY/LYRU,12040454.JPG,1,Cam03,Phase8,FoxY,N
7244,Cam03_Phase8_FoxY,LYRU,12/5/2019 11:48,2019-12-05,11:48:35,61530,1025.5,17.1,0.7,master_cam_photos/Cam03_Phase8_FoxY/LYRU,12050472.JPG,1,Cam03,Phase8,FoxY,N
7246,Cam03_Phase8_FoxY,LYRU,12/9/2019 16:36,2019-12-09,16:36:11,362855,6047.6,100.8,4.2,master_cam_photos/Cam03_Phase8_FoxY/LYRU,12090576.JPG,1,Cam03,Phase8,FoxY,N
8221,Cam03_Phase9_FoxN,Dogs,1/28/2020 12:45,2020-01-28,12:45:58,0,0,0,0,master_cam_photos/Cam03_Phase9_FoxN/Dogs,01280511.JPG,1,Cam03,Phase9,FoxN,N
8320,Cam03_Phase9_FoxN,LYRU,12/12/2019 17:55,2019-12-12,17:55:53,0,0,0,0,master_cam_photos/Cam03_Phase9_FoxN/LYRU,12120772.JPG,1,Cam03,Phase9,FoxN,N
8322,Cam03_Phase9_FoxN,LYRU,12/14/2019 16:35,2019-12-14,16:35:29,167974,2799.6,46.7,1.9,master_cam_photos/Cam03_Phase9_FoxN/LYRU,12140812.JPG,1,Cam03,Phase9,FoxN,N
8324,Cam03_Phase9_FoxN,LYRU,12/18/2019 22:30,2019-12-18,22:30:06,366876,6114.6,101.9,4.2,master_cam_photos/Cam03_Phase9_FoxN/LYRU,12180868.JPG,1,Cam03,Phase9,FoxN,N
8326,Cam03_Phase9_FoxN,LYRU,12/21/2019 22:54,2019-12-21,22:54:04,260635,4343.9,72.4,3,master_cam_photos/Cam03_Phase9_FoxN/LYRU,12210920.JPG,1,Cam03,Phase9,FoxN,N
8328,Cam03_Phase9_FoxN,LYRU,12/28/2019 8:44,2019-12-28,8:44:32,553827,9230.5,153.8,6.4,master_cam_photos/Cam03_Phase9_FoxN/LYRU,12280021.JPG,1,Cam03,Phase9,FoxN,N
8330,Cam03_Phase9_FoxN,LYRU,1/7/2020 3:47,2020-01-07,3:47:29,846175,14102.9,235,9.8,master_cam_photos/Cam03_Phase9_FoxN/LYRU,01070167.JPG,1,Cam03,Phase9,FoxN,N
8332,Cam03_Phase9_FoxN,LYRU,1/9/2020 18:38,2020-01-09,18:38:57,226287,3771.4,62.9,2.6,master_cam_photos/Cam03_Phase9_FoxN/LYRU,01090185.JPG,1,Cam03,Phase9,FoxN,N
8334,Cam03_Phase9_FoxN,LYRU,1/13/2020 13:05,2020-01-13,13:05:06,325565,5426.1,90.4,3.8,master_cam_photos/Cam03_Phase9_FoxN/LYRU,01130221.JPG,1,Cam03,Phase9,FoxN,N
8336,Cam03_Phase9_FoxN,LYRU,1/15/2020 17:24,2020-01-15,17:24:13,188344,3139.1,52.3,2.2,master_cam_photos/Cam03_Phase9_FoxN/LYRU,01150259.JPG,1,Cam03,Phase9,FoxN,N
8338,Cam03_Phase9_FoxN,LYRU,1/15/2020 18:34,2020-01-15,18:34:02,4186,69.8,1.2,0,master_cam_photos/Cam03_Phase9_FoxN/LYRU,01150261.JPG,1,Cam03,Phase9,FoxN,N
8340,Cam03_Phase9_FoxN,LYRU,1/17/2020 18:17,2020-01-17,18:17:30,171806,2863.4,47.7,2,master_cam_photos/Cam03_Phase9_FoxN/LYRU,01170291.JPG,1,Cam03,Phase9,FoxN,N
8342,Cam03_Phase9_FoxN,LYRU,1/20/2020 21:54,2020-01-20,21:54:27,272216,4536.9,75.6,3.1,master_cam_photos/Cam03_Phase9_FoxN/LYRU,01200403.JPG,1,Cam03,Phase9,FoxN,N
8344,Cam03_Phase9_FoxN,LYRU,1/22/2020 9:13,2020-01-22,9:13:55,127164,2119.4,35.3,1.5,master_cam_photos/Cam03_Phase9_FoxN/LYRU,01220441.JPG,1,Cam03,Phase9,FoxN,N
9603,Cam04_Phase2_FoxN,LYRU,12/11/2018 14:43,2018-12-11,14:43:51,0,0,0,0,master_cam_photos/Cam04_Phase2_FoxN/LYRU,12110213.JPG,1,Cam04,Phase2,FoxN,N
9955,Cam04_Phase3_FoxY,LYRU,1/22/2019 22:45,2019-01-22,22:45:38,0,0,0,0,master_cam_photos/Cam04_Phase3_FoxY/LYRU,01220629.JPG,1,Cam04,Phase3,FoxY,N
9957,Cam04_Phase3_FoxY,LYRU,1/25/2019 11:36,2019-01-25,11:36:38,219059,3651,60.9,2.5,master_cam_photos/Cam04_Phase3_FoxY/LYRU,01250663.JPG,1,Cam04,Phase3,FoxY,N
10256,Cam04_Phase4_FoxN,LYRU,2/19/2019 6:23,2019-02-19,6:23:02,0,0,0,0,master_cam_photos/Cam04_Phase4_FoxN/LYRU,02190035.JPG,1,Cam04,Phase4,FoxN,N
10257,Cam04_Phase4_FoxN,LYRU,3/15/2019 19:28,2019-03-15,19:28:29,2120727,35345.4,589.1,24.5,master_cam_photos/Cam04_Phase4_FoxN/LYRU,03150219.JPG,1,Cam04,Phase4,FoxN,N
10258,Cam04_Phase4_FoxN,LYRU,3/20/2019 13:42,2019-03-20,13:42:58,411269,6854.5,114.2,4.8,master_cam_photos/Cam04_Phase4_FoxN/LYRU,03200301.JPG,1,Cam04,Phase4,FoxN,N
10259,Cam04_Phase4_FoxN,LYRU,3/22/2019 23:32,2019-03-22,23:32:09,208151,3469.2,57.8,2.4,master_cam_photos/Cam04_Phase4_FoxN/LYRU,03220309.JPG,1,Cam04,Phase4,FoxN,N
10431,Cam04_Phase5_FoxY,LYRU,4/7/2019 17:01,2019-04-07,17:01:45,0,0,0,0,master_cam_photos/Cam04_Phase5_FoxY/LYRU,04070457.JPG,1,Cam04,Phase5,FoxY,N
10432,Cam04_Phase5_FoxY,LYRU,4/9/2019 1:31,2019-04-09,1:31:53,117008,1950.1,32.5,1.4,master_cam_photos/Cam04_Phase5_FoxY/LYRU,04090467.JPG,1,Cam04,Phase5,FoxY,N
10434,Cam04_Phase5_FoxY,LYRU,4/11/2019 18:57,2019-04-11,18:57:07,235513,3925.2,65.4,2.7,master_cam_photos/Cam04_Phase5_FoxY/LYRU,04110501.JPG,1,Cam04,Phase5,FoxY,N
10436,Cam04_Phase5_FoxY,LYRU,4/12/2019 3:22,2019-04-12,3:22:43,30335,505.6,8.4,0.4,master_cam_photos/Cam04_Phase5_FoxY/LYRU,04120505.JPG,1,Cam04,Phase5,FoxY,N
10437,Cam04_Phase5_FoxY,LYRU,4/12/2019 14:51,2019-04-12,14:51:42,41339,689,11.5,0.5,master_cam_photos/Cam04_Phase5_FoxY/LYRU,04120511.JPG,1,Cam04,Phase5,FoxY,N
10439,Cam04_Phase5_FoxY,LYRU,4/17/2019 10:56,2019-04-17,10:56:58,417915,6965.2,116.1,4.8,master_cam_photos/Cam04_Phase5_FoxY/LYRU,04170537.JPG,1,Cam04,Phase5,FoxY,N
10441,Cam04_Phase5_FoxY,LYRU,4/17/2019 16:56,2019-04-17,16:56:13,21554,359.2,6,0.2,master_cam_photos/Cam04_Phase5_FoxY/LYRU,04170539.JPG,1,Cam04,Phase5,FoxY,N
10443,Cam04_Phase5_FoxY,LYRU,4/19/2019 6:06,2019-04-19,6:06:10,133789,2229.8,37.2,1.6,master_cam_photos/Cam04_Phase5_FoxY/LYRU,04190559.JPG,1,Cam04,Phase5,FoxY,N
10445,Cam04_Phase5_FoxY,LYRU,4/21/2019 8:59,2019-04-21,8:59:11,183180,3053,50.9,2.1,master_cam_photos/Cam04_Phase5_FoxY/LYRU,04210172.JPG,1,Cam04,Phase5,FoxY,N
11050,Cam04_Phase6_FoxN,LYRU,7/12/2019 3:17,2019-07-12,3:17:20,0,0,0,0,master_cam_photos/Cam04_Phase6_FoxN/LYRU,07120552.JPG,1,Cam04,Phase6,FoxN,N
11052,Cam04_Phase6_FoxN,LYRU,7/27/2019 23:38,2019-07-27,23:38:52,1369291,22821.5,380.4,15.8,master_cam_photos/Cam04_Phase6_FoxN/LYRU,07270343.JPG,1,Cam04,Phase6,FoxN,N
11054,Cam04_Phase6_FoxN,LYRU,8/13/2019 5:56,2019-08-13,5:56:53,1405078,23418,390.3,16.3,master_cam_photos/Cam04_Phase6_FoxN/LYRU,08130637.JPG,1,Cam04,Phase6,FoxN,N
11362,Cam04_Phase7_FoxY,LYRU,9/2/2019 20:43,2019-09-02,20:43:17,0,0,0,0,master_cam_photos/Cam04_Phase7_FoxY/LYRU,09020041.JPG,1,Cam04,Phase7,FoxY,N
11864,Cam04_Phase8_FoxN,LYRU,10/16/2019 13:40,2019-10-16,13:40:40,0,0,0,0,master_cam_photos/Cam04_Phase8_FoxN/LYRU,10160155.JPG,1,Cam04,Phase8,FoxN,N
11866,Cam04_Phase8_FoxN,LYRU,10/27/2019 21:46,2019-10-27,21:46:54,979571,16326.2,272.1,11.3,master_cam_photos/Cam04_Phase8_FoxN/LYRU,10270353.JPG,1,Cam04,Phase8,FoxN,N
11868,Cam04_Phase8_FoxN,LYRU,11/14/2019 5:09,2019-11-14,5:09:08,1495332,24922.2,415.4,17.3,master_cam_photos/Cam04_Phase8_FoxN/LYRU,11140579.JPG,1,Cam04,Phase8,FoxN,N
11870,Cam04_Phase8_FoxN,LYRU,11/23/2019 4:26,2019-11-23,4:26:42,775051,12917.5,215.3,9,master_cam_photos/Cam04_Phase8_FoxN/LYRU,11230709.JPG,1,Cam04,Phase8,FoxN,N
12394,Cam04_Phase9_FoxY,LYRU,12/28/2019 8:46,2019-12-28,8:46:22,0,0,0,0,master_cam_photos/Cam04_Phase9_FoxY/LYRU,12280113.JPG,1,Cam04,Phase9,FoxY,N
12395,Cam04_Phase9_FoxY,LYRU,1/7/2020 3:47,2020-01-07,3:47:53,846091,14101.5,235,9.8,master_cam_photos/Cam04_Phase9_FoxY/LYRU,01070163.JPG,1,Cam04,Phase9,FoxY,N
12397,Cam04_Phase9_FoxY,LYRU,1/17/2020 22:56,2020-01-17,22:56:34,932920,15548.7,259.1,10.8,master_cam_photos/Cam04_Phase9_FoxY/LYRU,01170339.JPG,1,Cam04,Phase9,FoxY,N
12398,Cam04_Phase9_FoxY,LYRU,1/20/2020 21:51,2020-01-20,21:51:03,255269,4254.5,70.9,3,master_cam_photos/Cam04_Phase9_FoxY/LYRU,01200471.JPG,1,Cam04,Phase9,FoxY,N
12399,Cam04_Phase9_FoxY,LYRU,1/21/2020 22:50,2020-01-21,22:50:49,89986,1499.8,25,1,master_cam_photos/Cam04_Phase9_FoxY/LYRU,01210485.JPG,1,Cam04,Phase9,FoxY,N
12401,Cam04_Phase9_FoxY,LYRU,1/22/2020 9:12,2020-01-22,9:12:38,37308,621.8,10.4,0.4,master_cam_photos/Cam04_Phase9_FoxY/LYRU,01220493.JPG,1,Cam04,Phase9,FoxY,N
12402,Cam04_Phase9_FoxY,LYRU,1/26/2020 18:41,2020-01-26,18:41:33,379735,6328.9,105.5,4.4,master_cam_photos/Cam04_Phase9_FoxY/LYRU,01260541.JPG,1,Cam04,Phase9,FoxY,N
12404,Cam04_Phase9_FoxY,LYRU,1/27/2020 4:16,2020-01-27,4:16:56,34522,575.4,9.6,0.4,master_cam_photos/Cam04_Phase9_FoxY/LYRU,01270555.JPG,1,Cam04,Phase9,FoxY,N
12821,Cam05_Phase2_FoxY,LYRU,11/24/2018 12:34,2018-11-24,12:34:01,0,0,0,0,master_cam_photos/Cam05_Phase2_FoxY/LYRU,11240171.JPG,1,Cam05,Phase2,FoxY,Y
13088,Cam05_Phase3_FoxN,Dogs,1/31/2019 14:27,2019-01-31,14:27:42,0,0,0,0,master_cam_photos/Cam05_Phase3_FoxN/Dogs,01310577.JPG,1,Cam05,Phase3,FoxN,Y
13089,Cam05_Phase3_FoxN,Dogs,1/31/2019 18:06,2019-01-31,18:06:00,13098,218.3,3.6,0.1,master_cam_photos/Cam05_Phase3_FoxN/Dogs,01310865.JPG,1,Cam05,Phase3,FoxN,Y
13090,Cam05_Phase3_FoxN,Dogs,2/2/2019 7:30,2019-02-02,7:30:04,134644,2244.1,37.4,1.6,master_cam_photos/Cam05_Phase3_FoxN/Dogs,02020140.JPG,1,Cam05,Phase3,FoxN,Y
13091,Cam05_Phase3_FoxN,Dogs,2/5/2019 7:26,2019-02-05,7:26:39,258995,4316.6,71.9,3,master_cam_photos/Cam05_Phase3_FoxN/Dogs,02050272.JPG,1,Cam05,Phase3,FoxN,Y
13093,Cam05_Phase3_FoxN,Dogs,2/14/2019 23:50,2019-02-14,23:50:21,836621,13943.7,232.4,9.7,master_cam_photos/Cam05_Phase3_FoxN/Dogs,02140127.JPG,1,Cam05,Phase3,FoxN,Y
14489,Cam05_Phase4_FoxY,Dogs,3/11/2019 13:15,2019-03-11,13:15:02,0,0,0,0,master_cam_photos/Cam05_Phase4_FoxY/Dogs,03110225.JPG,1,Cam05,Phase4,FoxY,Y
14493,Cam05_Phase4_FoxY,Dogs,3/12/2019 8:57,2019-03-12,8:57:20,70882,1181.4,19.7,0.8,master_cam_photos/Cam05_Phase4_FoxY/Dogs,03120251.JPG,1,Cam05,Phase4,FoxY,Y
14494,Cam05_Phase4_FoxY,Dogs,3/21/2019 18:47,2019-03-21,18:47:24,813004,13550.1,225.8,9.4,master_cam_photos/Cam05_Phase4_FoxY/Dogs,03210931.JPG,1,Cam05,Phase4,FoxY,Y
14496,Cam05_Phase4_FoxY,Dogs,3/22/2019 1:35,2019-03-22,1:35:53,24501,408.4,6.8,0.3,master_cam_photos/Cam05_Phase4_FoxY/Dogs,03220935.JPG,1,Cam05,Phase4,FoxY,Y
14498,Cam05_Phase4_FoxY,Dogs,3/22/2019 8:00,2019-03-22,8:00:34,23080,384.7,6.4,0.3,master_cam_photos/Cam05_Phase4_FoxY/Dogs,03220937.JPG,1,Cam05,Phase4,FoxY,Y
14502,Cam05_Phase4_FoxY,Dogs,3/22/2019 9:20,2019-03-22,9:20:55,4811,80.2,1.3,0.1,master_cam_photos/Cam05_Phase4_FoxY/Dogs,03220941.JPG,1,Cam05,Phase4,FoxY,Y
14511,Cam05_Phase4_FoxY,Dogs,3/23/2019 14:27,2019-03-23,14:27:53,104720,1745.3,29.1,1.2,master_cam_photos/Cam05_Phase4_FoxY/Dogs,03230108.JPG,1,Cam05,Phase4,FoxY,Y
15274,Cam05_Phase5_FoxN,Dogs,5/20/2019 11:18,2019-05-20,11:18:44,0,0,0,0,master_cam_photos/Cam05_Phase5_FoxN/Dogs,05200876.JPG,1,Cam05,Phase5,FoxN,Y
15278,Cam05_Phase5_FoxN,Dogs,5/20/2019 11:59,2019-05-20,11:59:35,2442,40.7,0.7,0,master_cam_photos/Cam05_Phase5_FoxN/Dogs,05200880.JPG,1,Cam05,Phase5,FoxN,Y
15282,Cam05_Phase5_FoxN,Dogs,5/20/2019 19:30,2019-05-20,19:30:53,26973,449.6,7.5,0.3,master_cam_photos/Cam05_Phase5_FoxN/Dogs,05200916.JPG,1,Cam05,Phase5,FoxN,Y
15289,Cam05_Phase5_FoxN,Dogs,5/22/2019 8:15,2019-05-22,8:15:15,132211,2203.5,36.7,1.5,master_cam_photos/Cam05_Phase5_FoxN/Dogs,05220944.JPG,1,Cam05,Phase5,FoxN,Y
15291,Cam05_Phase5_FoxN,Dogs,5/23/2019 12:03,2019-05-23,12:03:40,100104,1668.4,27.8,1.2,master_cam_photos/Cam05_Phase5_FoxN/Dogs,05230984.JPG,1,Cam05,Phase5,FoxN,Y
15295,Cam05_Phase5_FoxN,Dogs,5/23/2019 14:42,2019-05-23,14:42:54,9433,157.2,2.6,0.1,master_cam_photos/Cam05_Phase5_FoxN/Dogs,05230990.JPG,1,Cam05,Phase5,FoxN,Y
15297,Cam05_Phase5_FoxN,Dogs,5/24/2019 6:52,2019-05-24,6:52:52,58197,970,16.2,0.7,master_cam_photos/Cam05_Phase5_FoxN/Dogs,05240067.JPG,1,Cam05,Phase5,FoxN,Y
15298,Cam05_Phase5_FoxN,Dogs,5/24/2019 15:53,2019-05-24,15:53:44,32452,540.9,9,0.4,master_cam_photos/Cam05_Phase5_FoxN/Dogs,05240155.JPG,1,Cam05,Phase5,FoxN,Y
15299,Cam05_Phase5_FoxN,Dogs,5/24/2019 18:58,2019-05-24,18:58:14,11070,184.5,3.1,0.1,master_cam_photos/Cam05_Phase5_FoxN/Dogs,05240163.JPG,1,Cam05,Phase5,FoxN,Y
15302,Cam05_Phase5_FoxN,Dogs,5/25/2019 7:51,2019-05-25,7:51:33,46322,772,12.9,0.5,master_cam_photos/Cam05_Phase5_FoxN/Dogs,05250187.JPG,1,Cam05,Phase5,FoxN,Y
15303,Cam05_Phase5_FoxN,Dogs,5/25/2019 13:24,2019-05-25,13:24:16,19963,332.7,5.5,0.2,master_cam_photos/Cam05_Phase5_FoxN/Dogs,05250377.JPG,1,Cam05,Phase5,FoxN,Y
15305,Cam05_Phase5_FoxN,Dogs,5/29/2019 19:23,2019-05-29,19:23:46,367169,6119.5,102,4.2,master_cam_photos/Cam05_Phase5_FoxN/Dogs,05290003.JPG,1,Cam05,Phase5,FoxN,Y
15308,Cam05_Phase5_FoxN,Dogs,5/30/2019 5:11,2019-05-30,5:11:45,35206,586.8,9.8,0.4,master_cam_photos/Cam05_Phase5_FoxN/Dogs,05300009.JPG,1,Cam05,Phase5,FoxN,Y
15309,Cam05_Phase5_FoxN,Dogs,5/30/2019 11:59,2019-05-30,11:59:26,24461,407.7,6.8,0.3,master_cam_photos/Cam05_Phase5_FoxN/Dogs,05300021.JPG,1,Cam05,Phase5,FoxN,Y
15310,Cam05_Phase5_FoxN,Dogs,5/30/2019 15:42,2019-05-30,15:42:14,13368,222.8,3.7,0.2,master_cam_photos/Cam05_Phase5_FoxN/Dogs,05300029.JPG,1,Cam05,Phase5,FoxN,Y
15311,Cam05_Phase5_FoxN,Dogs,5/31/2019 4:40,2019-05-31,4:40:08,46674,777.9,13,0.5,master_cam_photos/Cam05_Phase5_FoxN/Dogs,05310031.JPG,1,Cam05,Phase5,FoxN,Y
15313,Cam05_Phase5_FoxN,Dogs,5/31/2019 13:34,2019-05-31,13:34:33,32064,534.4,8.9,0.4,master_cam_photos/Cam05_Phase5_FoxN/Dogs,05310123.JPG,1,Cam05,Phase5,FoxN,Y
15315,Cam05_Phase5_FoxN,Dogs,6/1/2019 7:53,2019-06-01,7:53:48,65947,1099.1,18.3,0.8,master_cam_photos/Cam05_Phase5_FoxN/Dogs,06010127.JPG,1,Cam05,Phase5,FoxN,Y
15318,Cam05_Phase5_FoxN,Dogs,6/1/2019 14:56,2019-06-01,14:56:40,25364,422.7,7,0.3,master_cam_photos/Cam05_Phase5_FoxN/Dogs,06010201.JPG,1,Cam05,Phase5,FoxN,Y
15323,Cam05_Phase5_FoxN,Dogs,6/2/2019 9:23,2019-06-02,9:23:54,65828,1097.1,18.3,0.8,master_cam_photos/Cam05_Phase5_FoxN/Dogs,06020207.JPG,1,Cam05,Phase5,FoxN,Y
15325,Cam05_Phase5_FoxN,Dogs,6/2/2019 13:03,2019-06-02,13:03:36,13181,219.7,3.7,0.2,master_cam_photos/Cam05_Phase5_FoxN/Dogs,06020245.JPG,1,Cam05,Phase5,FoxN,Y
15329,Cam05_Phase5_FoxN,Dogs,6/2/2019 14:31,2019-06-02,14:31:50,5266,87.8,1.5,0.1,master_cam_photos/Cam05_Phase5_FoxN/Dogs,06020253.JPG,1,Cam05,Phase5,FoxN,Y
15334,Cam05_Phase5_FoxN,Dogs,6/2/2019 16:12,2019-06-02,16:12:18,5965,99.4,1.7,0.1,master_cam_photos/Cam05_Phase5_FoxN/Dogs,06020265.JPG,1,Cam05,Phase5,FoxN,Y
15338,Cam05_Phase5_FoxN,Dogs,6/3/2019 5:07,2019-06-03,5:07:09,46417,773.6,12.9,0.5,master_cam_photos/Cam05_Phase5_FoxN/Dogs,06030519.JPG,1,Cam05,Phase5,FoxN,Y
15339,Cam05_Phase5_FoxN,Dogs,6/3/2019 7:55,2019-06-03,7:55:57,10128,168.8,2.8,0.1,master_cam_photos/Cam05_Phase5_FoxN/Dogs,06030553.JPG,1,Cam05,Phase5,FoxN,Y
15343,Cam05_Phase5_FoxN,Dogs,6/3/2019 10:14,2019-06-03,10:14:20,7607,126.8,2.1,0.1,master_cam_photos/Cam05_Phase5_FoxN/Dogs,06030629.JPG,1,Cam05,Phase5,FoxN,Y
15345,Cam05_Phase5_FoxN,Dogs,6/3/2019 14:24,2019-06-03,14:24:16,14995,249.9,4.2,0.2,master_cam_photos/Cam05_Phase5_FoxN/Dogs,06030172.JPG,1,Cam05,Phase5,FoxN,Y
15347,Cam05_Phase5_FoxN,Dogs,6/3/2019 16:04,2019-06-03,16:04:45,6028,100.5,1.7,0.1,master_cam_photos/Cam05_Phase5_FoxN/Dogs,06030210.JPG,1,Cam05,Phase5,FoxN,Y
15350,Cam05_Phase5_FoxN,Dogs,6/3/2019 17:12,2019-06-03,17:12:55,3366,56.1,0.9,0,master_cam_photos/Cam05_Phase5_FoxN/Dogs,06030296.JPG,1,Cam05,Phase5,FoxN,Y
15351,Cam05_Phase5_FoxN,Dogs,6/3/2019 17:52,2019-06-03,17:52:50,2395,39.9,0.7,0,master_cam_photos/Cam05_Phase5_FoxN/Dogs,06030374.JPG,1,Cam05,Phase5,FoxN,Y
15353,Cam05_Phase5_FoxN,Dogs,6/4/2019 10:57,2019-06-04,10:57:23,61472,1024.5,17.1,0.7,master_cam_photos/Cam05_Phase5_FoxN/Dogs,06040514.JPG,1,Cam05,Phase5,FoxN,Y
15354,Cam05_Phase5_FoxN,Dogs,6/4/2019 14:36,2019-06-04,14:36:30,13147,219.1,3.7,0.2,master_cam_photos/Cam05_Phase5_FoxN/Dogs,06040518.JPG,1,Cam05,Phase5,FoxN,Y
15356,Cam05_Phase5_FoxN,Dogs,6/4/2019 16:56,2019-06-04,16:56:03,8372,139.5,2.3,0.1,master_cam_photos/Cam05_Phase5_FoxN/Dogs,06040526.JPG,1,Cam05,Phase5,FoxN,Y
15361,Cam05_Phase5_FoxN,Dogs,6/5/2019 8:54,2019-06-05,8:54:26,57420,957,15.9,0.7,master_cam_photos/Cam05_Phase5_FoxN/Dogs,06050596.JPG,1,Cam05,Phase5,FoxN,Y
15362,Cam05_Phase5_FoxN,Dogs,6/6/2019 15:21,2019-06-06,15:21:43,109637,1827.3,30.5,1.3,master_cam_photos/Cam05_Phase5_FoxN/Dogs,06060860.JPG,1,Cam05,Phase5,FoxN,Y
15364,Cam05_Phase5_FoxN,Dogs,6/8/2019 9:14,2019-06-08,9:14:41,150711,2511.8,41.9,1.7,master_cam_photos/Cam05_Phase5_FoxN/Dogs,06080119.JPG,1,Cam05,Phase5,FoxN,Y
15368,Cam05_Phase5_FoxN,Dogs,6/9/2019 11:12,2019-06-09,11:12:32,93461,1557.7,26,1.1,master_cam_photos/Cam05_Phase5_FoxN/Dogs,06090691.JPG,1,Cam05,Phase5,FoxN,Y
15369,Cam05_Phase5_FoxN,Dogs,6/17/2019 10:04,2019-06-17,10:04:53,687141,11452.4,190.9,8,master_cam_photos/Cam05_Phase5_FoxN/Dogs,06170414.JPG,1,Cam05,Phase5,FoxN,Y
15371,Cam05_Phase5_FoxN,Dogs,6/20/2019 18:04,2019-06-20,18:04:48,287994,4799.9,80,3.3,master_cam_photos/Cam05_Phase5_FoxN/Dogs,06200440.JPG,1,Cam05,Phase5,FoxN,Y
15373,Cam05_Phase5_FoxN,Dogs,6/20/2019 20:05,2019-06-20,20:05:14,7225,120.4,2,0.1,master_cam_photos/Cam05_Phase5_FoxN/Dogs,06200448.JPG,1,Cam05,Phase5,FoxN,Y
15375,Cam05_Phase5_FoxN,Dogs,6/21/2019 8:04,2019-06-21,8:04:54,43179,719.6,12,0.5,master_cam_photos/Cam05_Phase5_FoxN/Dogs,06210516.JPG,1,Cam05,Phase5,FoxN,Y
15377,Cam05_Phase5_FoxN,Dogs,6/22/2019 8:30,2019-06-22,8:30:04,87909,1465.2,24.4,1,master_cam_photos/Cam05_Phase5_FoxN/Dogs,06220614.JPG,1,Cam05,Phase5,FoxN,Y
15379,Cam05_Phase5_FoxN,Dogs,6/23/2019 8:17,2019-06-23,8:17:41,85656,1427.6,23.8,1,master_cam_photos/Cam05_Phase5_FoxN/Dogs,06230692.JPG,1,Cam05,Phase5,FoxN,Y
15380,Cam05_Phase5_FoxN,Dogs,6/23/2019 18:11,2019-06-23,18:11:23,35622,593.7,9.9,0.4,master_cam_photos/Cam05_Phase5_FoxN/Dogs,06230722.JPG,1,Cam05,Phase5,FoxN,Y
15382,Cam05_Phase5_FoxN,Dogs,6/24/2019 15:48,2019-06-24,15:48:50,77835,1297.2,21.6,0.9,master_cam_photos/Cam05_Phase5_FoxN/Dogs,06240001.JPG,1,Cam05,Phase5,FoxN,Y
15385,Cam05_Phase5_FoxN,Dogs,6/24/2019 19:04,2019-06-24,19:04:06,11685,194.8,3.2,0.1,master_cam_photos/Cam05_Phase5_FoxN/Dogs,06240083.JPG,1,Cam05,Phase5,FoxN,Y
15386,Cam05_Phase5_FoxN,LYRU,6/11/2019 13:27,2019-06-11,13:27:15,0,0,0,0,master_cam_photos/Cam05_Phase5_FoxN/LYRU,06110120.JPG,1,Cam05,Phase5,FoxN,Y
17997,Cam06_Phase1_FoxY,LYRU,10/10/2018 18:06,2018-10-10,18:06:57,0,0,0,0,master_cam_photos/Cam06_Phase1_FoxY/LYRU,10100029.JPG,1,Cam06,Phase1,FoxY,N
18023,Cam06_Phase2_FoxN,LYRU,12/7/2018 8:35,2018-12-07,8:35:20,0,0,0,0,master_cam_photos/Cam06_Phase2_FoxN/LYRU,12070113.JPG,1,Cam06,Phase2,FoxN,N
18106,Cam06_Phase3_FoxY,Dogs,2/1/2019 1:00,2019-02-01,1:00:16,0,0,0,0,master_cam_photos/Cam06_Phase3_FoxY/Dogs,02010313.JPG,1,Cam06,Phase3,FoxY,Y
18108,Cam06_Phase3_FoxY,Dogs,2/1/2019 17:21,2019-02-01,17:21:47,58890,981.5,16.4,0.7,master_cam_photos/Cam06_Phase3_FoxY/Dogs,02010435.JPG,1,Cam06,Phase3,FoxY,Y
18110,Cam06_Phase3_FoxY,Dogs,2/2/2019 21:35,2019-02-02,21:35:04,101596,1693.3,28.2,1.2,master_cam_photos/Cam06_Phase3_FoxY/Dogs,02020775.JPG,1,Cam06,Phase3,FoxY,Y
18112,Cam06_Phase3_FoxY,Dogs,2/2/2019 23:37,2019-02-02,23:37:08,7323,122,2,0.1,master_cam_photos/Cam06_Phase3_FoxY/Dogs,02020777.JPG,1,Cam06,Phase3,FoxY,Y
18114,Cam06_Phase3_FoxY,Dogs,2/3/2019 5:10,2019-02-03,5:10:11,19982,333,5.6,0.2,master_cam_photos/Cam06_Phase3_FoxY/Dogs,02030803.JPG,1,Cam06,Phase3,FoxY,Y
18117,Cam06_Phase3_FoxY,Dogs,2/15/2019 18:19,2019-02-15,18:19:04,1083565,18059.4,301,12.5,master_cam_photos/Cam06_Phase3_FoxY/Dogs,02150257.JPG,1,Cam06,Phase3,FoxY,Y
19816,Cam06_Phase4_FoxN,Dogs,2/17/2019 18:29,2019-02-17,18:29:15,0,0,0,0,master_cam_photos/Cam06_Phase4_FoxN/Dogs,02170001.JPG,1,Cam06,Phase4,FoxN,Y
19817,Cam06_Phase4_FoxN,Dogs,2/18/2019 11:22,2019-02-18,11:22:27,60792,1013.2,16.9,0.7,master_cam_photos/Cam06_Phase4_FoxN/Dogs,02180021.JPG,1,Cam06,Phase4,FoxN,Y
19819,Cam06_Phase4_FoxN,Dogs,3/11/2019 12:25,2019-03-11,12:25:52,1818204,30303.4,505.1,21,master_cam_photos/Cam06_Phase4_FoxN/Dogs,03110173.JPG,1,Cam06,Phase4,FoxN,Y
19821,Cam06_Phase4_FoxN,Dogs,3/12/2019 6:07,2019-03-12,6:07:50,63717,1062,17.7,0.7,master_cam_photos/Cam06_Phase4_FoxN/Dogs,03120299.JPG,1,Cam06,Phase4,FoxN,Y
19823,Cam06_Phase4_FoxN,Dogs,3/12/2019 8:48,2019-03-12,8:48:22,9631,160.5,2.7,0.1,master_cam_photos/Cam06_Phase4_FoxN/Dogs,03120301.JPG,1,Cam06,Phase4,FoxN,Y
19824,Cam06_Phase4_FoxN,Dogs,3/15/2019 11:03,2019-03-15,11:03:46,267324,4455.4,74.3,3.1,master_cam_photos/Cam06_Phase4_FoxN/Dogs,03150815.JPG,1,Cam06,Phase4,FoxN,Y
19831,Cam06_Phase4_FoxN,Dogs,3/15/2019 11:44,2019-03-15,11:44:44,2390,39.8,0.7,0,master_cam_photos/Cam06_Phase4_FoxN/Dogs,03150823.JPG,1,Cam06,Phase4,FoxN,Y
19834,Cam06_Phase4_FoxN,Dogs,3/21/2019 17:50,2019-03-21,17:50:03,540260,9004.3,150.1,6.3,master_cam_photos/Cam06_Phase4_FoxN/Dogs,03210006.JPG,1,Cam06,Phase4,FoxN,Y
19837,Cam06_Phase4_FoxN,Dogs,3/21/2019 20:44,2019-03-21,20:44:00,10423,173.7,2.9,0.1,master_cam_photos/Cam06_Phase4_FoxN/Dogs,03210010.JPG,1,Cam06,Phase4,FoxN,Y
19838,Cam06_Phase4_FoxN,Dogs,3/22/2019 7:51,2019-03-22,7:51:32,40052,667.5,11.1,0.5,master_cam_photos/Cam06_Phase4_FoxN/Dogs,03220012.JPG,1,Cam06,Phase4,FoxN,Y
19841,Cam06_Phase4_FoxN,Dogs,3/24/2019 2:34,2019-03-24,2:34:06,153719,2562,42.7,1.8,master_cam_photos/Cam06_Phase4_FoxN/Dogs,03240212.JPG,1,Cam06,Phase4,FoxN,Y
19842,Cam06_Phase4_FoxN,Dogs,3/24/2019 6:18,2019-03-24,6:18:09,13443,224.1,3.7,0.2,master_cam_photos/Cam06_Phase4_FoxN/Dogs,03240214.JPG,1,Cam06,Phase4,FoxN,Y
20690,Cam06_Phase5_FoxY,Dogs,3/25/2019 1:39,2019-03-25,1:39:54,0,0,0,0,master_cam_photos/Cam06_Phase5_FoxY/Dogs,03250253.JPG,1,Cam06,Phase5,FoxY,Y
20692,Cam06_Phase5_FoxY,LYRU,4/21/2019 18:47,2019-04-21,18:47:37,0,0,0,0,master_cam_photos/Cam06_Phase5_FoxY/LYRU,04210303.JPG,1,Cam06,Phase5,FoxY,Y
20735,Cam06_Phase6_FoxN,LYRU,8/5/2019 5:37,2019-08-05,5:37:45,0,0,0,0,master_cam_photos/Cam06_Phase6_FoxN/LYRU,08050748.JPG,1,Cam06,Phase6,FoxN,Y
21186,Cam07_Phase1_FoxN,Dogs,10/17/2018 18:20,2018-10-17,18:20:21,0,0,0,0,master_cam_photos/Cam07_Phase1_FoxN/Dogs,10170107.JPG,1,Cam07,Phase1,FoxN,Y
21187,Cam07_Phase1_FoxN,Dogs,10/18/2018 17:08,2018-10-18,17:08:01,82060,1367.7,22.8,1,master_cam_photos/Cam07_Phase1_FoxN/Dogs,10180123.JPG,1,Cam07,Phase1,FoxN,Y
21190,Cam07_Phase1_FoxN,Dogs,10/22/2018 11:34,2018-10-22,11:34:30,325551,5425.9,90.4,3.8,master_cam_photos/Cam07_Phase1_FoxN/Dogs,10220233.JPG,1,Cam07,Phase1,FoxN,Y
21192,Cam07_Phase1_FoxN,Dogs,10/22/2018 14:40,2018-10-22,14:40:42,11163,186.1,3.1,0.1,master_cam_photos/Cam07_Phase1_FoxN/Dogs,10220341.JPG,1,Cam07,Phase1,FoxN,Y
21209,Cam07_Phase1_FoxN,Dogs,10/22/2018 16:32,2018-10-22,16:32:02,6608,110.1,1.8,0.1,master_cam_photos/Cam07_Phase1_FoxN/Dogs,10220477.JPG,1,Cam07,Phase1,FoxN,Y
21434,Cam07_Phase1_FoxN,Dogs,10/22/2018 18:27,2018-10-22,18:27:13,2115,35.2,0.6,0,master_cam_photos/Cam07_Phase1_FoxN/Dogs,10220767.JPG,1,Cam07,Phase1,FoxN,Y
21441,Cam07_Phase1_FoxN,Dogs,10/23/2018 7:19,2018-10-23,7:19:17,46192,769.9,12.8,0.5,master_cam_photos/Cam07_Phase1_FoxN/Dogs,10230777.JPG,1,Cam07,Phase1,FoxN,Y
21446,Cam07_Phase1_FoxN,Dogs,10/23/2018 9:21,2018-10-23,9:21:43,7235,120.6,2,0.1,master_cam_photos/Cam07_Phase1_FoxN/Dogs,10230801.JPG,1,Cam07,Phase1,FoxN,Y
21447,Cam07_Phase1_FoxN,Dogs,10/23/2018 10:38,2018-10-23,10:38:13,4590,76.5,1.3,0.1,master_cam_photos/Cam07_Phase1_FoxN/Dogs,10230915.JPG,1,Cam07,Phase1,FoxN,Y
21488,Cam07_Phase1_FoxN,Dogs,10/28/2018 0:45,2018-10-28,0:45:45,393817,6563.6,109.4,4.6,master_cam_photos/Cam07_Phase1_FoxN/Dogs,10280486.JPG,1,Cam07,Phase1,FoxN,Y
21489,Cam07_Phase1_FoxN,Dogs,10/28/2018 7:18,2018-10-28,7:18:49,23584,393.1,6.6,0.3,master_cam_photos/Cam07_Phase1_FoxN/Dogs,10280522.JPG,1,Cam07,Phase1,FoxN,Y
21491,Cam07_Phase1_FoxN,Dogs,10/28/2018 16:29,2018-10-28,16:29:10,33020,550.3,9.2,0.4,master_cam_photos/Cam07_Phase1_FoxN/Dogs,10280636.JPG,1,Cam07,Phase1,FoxN,Y
21507,Cam07_Phase1_FoxN,Dogs,10/29/2018 4:50,2018-10-29,4:50:41,44085,734.8,12.2,0.5,master_cam_photos/Cam07_Phase1_FoxN/Dogs,10290688.JPG,1,Cam07,Phase1,FoxN,Y
21509,Cam07_Phase1_FoxN,Dogs,10/31/2018 22:53,2018-10-31,22:53:50,237788,3963.1,66.1,2.8,master_cam_photos/Cam07_Phase1_FoxN/Dogs,10310892.JPG,1,Cam07,Phase1,FoxN,Y
21511,Cam07_Phase1_FoxN,Dogs,11/1/2018 3:08,2018-11-01,3:08:48,15061,251,4.2,0.2,master_cam_photos/Cam07_Phase1_FoxN/Dogs,11010896.JPG,1,Cam07,Phase1,FoxN,Y
21513,Cam07_Phase1_FoxN,Dogs,11/5/2018 14:30,2018-11-05,14:30:26,386497,6441.6,107.4,4.5,master_cam_photos/Cam07_Phase1_FoxN/Dogs,11050978.JPG,1,Cam07,Phase1,FoxN,Y
21535,Cam07_Phase1_FoxN,Dogs,11/6/2018 10:57,2018-11-06,10:57:16,72848,1214.1,20.2,0.8,master_cam_photos/Cam07_Phase1_FoxN/Dogs,11060361.JPG,1,Cam07,Phase1,FoxN,Y
21540,Cam07_Phase1_FoxN,Dogs,11/6/2018 11:57,2018-11-06,11:57:29,3321,55.4,0.9,0,master_cam_photos/Cam07_Phase1_FoxN/Dogs,11060369.JPG,1,Cam07,Phase1,FoxN,Y
21754,Cam07_Phase1_FoxN,Dogs,11/9/2018 9:24,2018-11-09,9:24:01,243734,4062.2,67.7,2.8,master_cam_photos/Cam07_Phase1_FoxN/Dogs,11090803.JPG,1,Cam07,Phase1,FoxN,Y
21794,Cam07_Phase1_FoxN,LYRU,10/15/2018 21:21,2018-10-15,21:21:25,0,0,0,0,master_cam_photos/Cam07_Phase1_FoxN/LYRU,10150075.JPG,1,Cam07,Phase1,FoxN,Y
21796,Cam07_Phase1_FoxN,LYRU,11/16/2018 13:01,2018-11-16,13:01:22,2734789,45579.8,759.7,31.7,master_cam_photos/Cam07_Phase1_FoxN/LYRU,11160833.JPG,1,Cam07,Phase1,FoxN,Y
21797,Cam07_Phase1_FoxN,LYRU,11/18/2018 17:58,2018-11-18,17:58:11,190609,3176.8,52.9,2.2,master_cam_photos/Cam07_Phase1_FoxN/LYRU,11180845.JPG,1,Cam07,Phase1,FoxN,Y
21798,Cam07_Phase1_FoxN,LYRU,11/26/2018 12:25,2018-11-26,12:25:04,671213,11186.9,186.4,7.8,master_cam_photos/Cam07_Phase1_FoxN/LYRU,11260849.JPG,1,Cam07,Phase1,FoxN,Y
23344,Cam07_Phase2_FoxY,Dogs,1/4/2019 9:24,2019-01-04,9:24:41,0,0,0,0,master_cam_photos/Cam07_Phase2_FoxY/Dogs,01040022.JPG,1,Cam07,Phase2,FoxY,Y
23352,Cam07_Phase2_FoxY,LYRU,12/13/2018 16:55,2018-12-13,16:55:48,0,0,0,0,master_cam_photos/Cam07_Phase2_FoxY/LYRU,12130885.JPG,1,Cam07,Phase2,FoxY,Y
23568,Cam07_Phase3_FoxN,Dogs,1/19/2019 10:23,2019-01-19,10:23:57,0,0,0,0,master_cam_photos/Cam07_Phase3_FoxN/Dogs,01190043.JPG,1,Cam07,Phase3,FoxN,Y
23572,Cam07_Phase3_FoxN,Dogs,1/30/2019 12:20,2019-01-30,12:20:37,957194,15953.2,265.9,11.1,master_cam_photos/Cam07_Phase3_FoxN/Dogs,01300119.JPG,1,Cam07,Phase3,FoxN,Y
23686,Cam07_Phase4_FoxY,Dogs,2/18/2019 7:49,2019-02-18,7:49:54,0,0,0,0,master_cam_photos/Cam07_Phase4_FoxY/Dogs,02180175.JPG,1,Cam07,Phase4,FoxY,Y
23687,Cam07_Phase4_FoxY,Dogs,2/18/2019 10:44,2019-02-18,10:44:00,10446,174.1,2.9,0.1,master_cam_photos/Cam07_Phase4_FoxY/Dogs,02180197.JPG,1,Cam07,Phase4,FoxY,Y
23689,Cam07_Phase4_FoxY,Dogs,2/19/2019 8:57,2019-02-19,8:57:05,79106,1318.4,22,0.9,master_cam_photos/Cam07_Phase4_FoxY/Dogs,02190229.JPG,1,Cam07,Phase4,FoxY,Y
23691,Cam07_Phase4_FoxY,Dogs,2/20/2019 8:09,2019-02-20,8:09:33,83547,1392.4,23.2,1,master_cam_photos/Cam07_Phase4_FoxY/Dogs,02200257.JPG,1,Cam07,Phase4,FoxY,Y
23693,Cam07_Phase4_FoxY,Dogs,2/20/2019 12:59,2019-02-20,12:59:56,17422,290.4,4.8,0.2,master_cam_photos/Cam07_Phase4_FoxY/Dogs,02200259.JPG,1,Cam07,Phase4,FoxY,Y
23697,Cam07_Phase4_FoxY,Dogs,2/22/2019 22:37,2019-02-22,22:37:44,207154,3452.6,57.5,2.4,master_cam_photos/Cam07_Phase4_FoxY/Dogs,02220303.JPG,1,Cam07,Phase4,FoxY,Y
23698,Cam07_Phase4_FoxY,Dogs,2/27/2019 21:42,2019-02-27,21:42:10,428666,7144.4,119.1,5,master_cam_photos/Cam07_Phase4_FoxY/Dogs,02270361.JPG,1,Cam07,Phase4,FoxY,Y
24090,Cam07_Phase5_FoxN,Dogs,4/16/2019 4:36,2019-04-16,4:36:05,0,0,0,0,master_cam_photos/Cam07_Phase5_FoxN/Dogs,04160874.JPG,1,Cam07,Phase5,FoxN,Y
24091,Cam07_Phase5_FoxN,Dogs,4/16/2019 6:23,2019-04-16,6:23:40,6455,107.6,1.8,0.1,master_cam_photos/Cam07_Phase5_FoxN/Dogs,04160876.JPG,1,Cam07,Phase5,FoxN,Y
24759,Cam07_Phase9_FoxN,Dogs,12/29/2019 9:42,2019-12-29,9:42:07,0,0,0,0,master_cam_photos/Cam07_Phase9_FoxN/Dogs,12290033.JPG,1,Cam07,Phase9,FoxN,Y
24760,Cam07_Phase9_FoxN,Dogs,12/30/2019 7:55,2019-12-30,7:55:11,79984,1333.1,22.2,0.9,master_cam_photos/Cam07_Phase9_FoxN/Dogs,12300037.JPG,1,Cam07,Phase9,FoxN,Y
24761,Cam07_Phase9_FoxN,Dogs,1/3/2020 20:12,2020-01-03,20:12:39,389848,6497.5,108.3,4.5,master_cam_photos/Cam07_Phase9_FoxN/Dogs,01030055.JPG,1,Cam07,Phase9,FoxN,Y
24762,Cam07_Phase9_FoxN,Dogs,1/9/2020 5:26,2020-01-09,5:26:57,465258,7754.3,129.2,5.4,master_cam_photos/Cam07_Phase9_FoxN/Dogs,01090109.JPG,1,Cam07,Phase9,FoxN,Y
24765,Cam07_Phase9_FoxN,Dogs,1/9/2020 9:45,2020-01-09,9:45:24,15197,253.3,4.2,0.2,master_cam_photos/Cam07_Phase9_FoxN/Dogs,01090113.JPG,1,Cam07,Phase9,FoxN,Y
24767,Cam07_Phase9_FoxN,Dogs,1/10/2020 9:15,2020-01-10,9:15:48,84623,1410.4,23.5,1,master_cam_photos/Cam07_Phase9_FoxN/Dogs,01100136.JPG,1,Cam07,Phase9,FoxN,Y
24774,Cam07_Phase9_FoxN,Dogs,1/13/2020 10:06,2020-01-13,10:06:16,261603,4360,72.7,3,master_cam_photos/Cam07_Phase9_FoxN/Dogs,01130257.JPG,1,Cam07,Phase9,FoxN,Y
24777,Cam07_Phase9_FoxN,Dogs,1/13/2020 10:23,2020-01-13,10:23:14,991,16.5,0.3,0,master_cam_photos/Cam07_Phase9_FoxN/Dogs,01130261.JPG,1,Cam07,Phase9,FoxN,Y
24782,Cam07_Phase9_FoxN,Dogs,1/18/2020 19:21,2020-01-18,19:21:48,464289,7738.1,129,5.4,master_cam_photos/Cam07_Phase9_FoxN/Dogs,01180335.JPG,1,Cam07,Phase9,FoxN,Y
24784,Cam07_Phase9_FoxN,Dogs,1/22/2020 8:10,2020-01-22,8:10:48,305339,5089,84.8,3.5,master_cam_photos/Cam07_Phase9_FoxN/Dogs,01220483.JPG,1,Cam07,Phase9,FoxN,Y
24785,Cam07_Phase9_FoxN,Dogs,1/25/2020 7:32,2020-01-25,7:32:21,256893,4281.6,71.4,3,master_cam_photos/Cam07_Phase9_FoxN/Dogs,01250587.JPG,1,Cam07,Phase9,FoxN,Y
24792,Cam07_Phase9_FoxN,Dogs,1/25/2020 8:13,2020-01-25,8:13:03,2291,38.2,0.6,0,master_cam_photos/Cam07_Phase9_FoxN/Dogs,01250595.JPG,1,Cam07,Phase9,FoxN,Y
25207,Cam08_Phase1_FoxY,Dogs,10/10/2018 5:35,2018-10-10,5:35:00,0,0,0,0,master_cam_photos/Cam08_Phase1_FoxY/Dogs,10100227.JPG,1,Cam08,Phase1,FoxY,Y
25208,Cam08_Phase1_FoxY,Dogs,10/10/2018 14:19,2018-10-10,14:19:24,31464,524.4,8.7,0.4,master_cam_photos/Cam08_Phase1_FoxY/Dogs,10100251.JPG,1,Cam08,Phase1,FoxY,Y
25210,Cam08_Phase1_FoxY,Dogs,10/11/2018 4:01,2018-10-11,4:01:18,49305,821.8,13.7,0.6,master_cam_photos/Cam08_Phase1_FoxY/Dogs,10110299.JPG,1,Cam08,Phase1,FoxY,Y
25214,Cam08_Phase1_FoxY,Dogs,10/12/2018 6:53,2018-10-12,6:53:42,96725,1612.1,26.9,1.1,master_cam_photos/Cam08_Phase1_FoxY/Dogs,10120501.JPG,1,Cam08,Phase1,FoxY,Y
25216,Cam08_Phase1_FoxY,Dogs,11/10/2018 18:23,2018-11-10,18:23:13,2546970,42449.5,707.5,29.5,master_cam_photos/Cam08_Phase1_FoxY/Dogs,11100718.JPG,1,Cam08,Phase1,FoxY,Y
25220,Cam08_Phase1_FoxY,Dogs,11/11/2018 7:28,2018-11-11,7:28:22,46950,782.5,13,0.5,master_cam_photos/Cam08_Phase1_FoxY/Dogs,11110732.JPG,1,Cam08,Phase1,FoxY,Y
25223,Cam08_Phase1_FoxY,Dogs,11/11/2018 10:04,2018-11-11,10:04:17,9310,155.2,2.6,0.1,master_cam_photos/Cam08_Phase1_FoxY/Dogs,11110744.JPG,1,Cam08,Phase1,FoxY,Y
25226,Cam08_Phase1_FoxY,Dogs,11/11/2018 10:31,2018-11-11,10:31:01,1592,26.5,0.4,0,master_cam_photos/Cam08_Phase1_FoxY/Dogs,11110756.JPG,1,Cam08,Phase1,FoxY,Y
25227,Cam08_Phase1_FoxY,Dogs,11/11/2018 12:32,2018-11-11,12:32:52,7311,121.8,2,0.1,master_cam_photos/Cam08_Phase1_FoxY/Dogs,11110816.JPG,1,Cam08,Phase1,FoxY,Y
25228,Cam08_Phase1_FoxY,Dogs,11/11/2018 15:13,2018-11-11,15:13:38,9646,160.8,2.7,0.1,master_cam_photos/Cam08_Phase1_FoxY/Dogs,11110842.JPG,1,Cam08,Phase1,FoxY,Y
25232,Cam08_Phase1_FoxY,Dogs,11/11/2018 15:41,2018-11-11,15:41:05,1390,23.2,0.4,0,master_cam_photos/Cam08_Phase1_FoxY/Dogs,11110856.JPG,1,Cam08,Phase1,FoxY,Y
25303,Cam08_Phase1_FoxY,LYRU,10/9/2018 1:27,2018-10-09,1:27:15,0,0,0,0,master_cam_photos/Cam08_Phase1_FoxY/LYRU,10090133.JPG,1,Cam08,Phase1,FoxY,Y
25304,Cam08_Phase1_FoxY,LYRU,11/20/2018 9:11,2018-11-20,9:11:52,3656677,60944.6,1015.7,42.3,master_cam_photos/Cam08_Phase1_FoxY/LYRU,11200902.JPG,1,Cam08,Phase1,FoxY,Y
25306,Cam08_Phase1_FoxY,LYRU,12/1/2018 14:57,2018-12-01,14:57:34,971141,16185.7,269.8,11.2,master_cam_photos/Cam08_Phase1_FoxY/LYRU,12010914.JPG,1,Cam08,Phase1,FoxY,Y
25797,Cam08_Phase2_FoxN,Dogs,12/23/2018 9:12,2018-12-23,9:12:39,0,0,0,0,master_cam_photos/Cam08_Phase2_FoxN/Dogs,12230037.JPG,1,Cam08,Phase2,FoxN,Y
25965,Cam08_Phase3_FoxY,Dogs,1/26/2019 4:51,2019-01-26,4:51:48,0,0,0,0,master_cam_photos/Cam08_Phase3_FoxY/Dogs,01260245.JPG,1,Cam08,Phase3,FoxY,Y
25966,Cam08_Phase3_FoxY,Dogs,2/15/2019 20:54,2019-02-15,20:54:14,1785746,29762.4,496,20.7,master_cam_photos/Cam08_Phase3_FoxY/Dogs,02150321.JPG,1,Cam08,Phase3,FoxY,Y
25982,Cam08_Phase3_FoxY,LYRU,1/28/2019 22:00,2019-01-28,22:00:28,0,0,0,0,master_cam_photos/Cam08_Phase3_FoxY/LYRU,01280257.JPG,1,Cam08,Phase3,FoxY,Y
26040,Cam08_Phase4_FoxN,Dogs,2/21/2019 10:12,2019-02-21,10:12:43,0,0,0,0,master_cam_photos/Cam08_Phase4_FoxN/Dogs,02210031.JPG,1,Cam08,Phase4,FoxN,Y
26041,Cam08_Phase4_FoxN,Dogs,2/21/2019 20:51,2019-02-21,20:51:38,38335,638.9,10.6,0.4,master_cam_photos/Cam08_Phase4_FoxN/Dogs,02210035.JPG,1,Cam08,Phase4,FoxN,Y
26043,Cam08_Phase4_FoxN,Dogs,2/22/2019 8:18,2019-02-22,8:18:11,41192,686.5,11.4,0.5,master_cam_photos/Cam08_Phase4_FoxN/Dogs,02220037.JPG,1,Cam08,Phase4,FoxN,Y
26044,Cam08_Phase4_FoxN,Dogs,2/23/2019 8:54,2019-02-23,8:54:57,88606,1476.8,24.6,1,master_cam_photos/Cam08_Phase4_FoxN/Dogs,02230145.JPG,1,Cam08,Phase4,FoxN,Y
26046,Cam08_Phase4_FoxN,Dogs,2/25/2019 19:27,2019-02-25,19:27:03,210725,3512.1,58.5,2.4,master_cam_photos/Cam08_Phase4_FoxN/Dogs,02250323.JPG,1,Cam08,Phase4,FoxN,Y
26047,Cam08_Phase4_FoxN,Dogs,2/27/2019 3:22,2019-02-27,3:22:45,114942,1915.7,31.9,1.3,master_cam_photos/Cam08_Phase4_FoxN/Dogs,02270561.JPG,1,Cam08,Phase4,FoxN,Y
26052,Cam08_Phase4_FoxN,Dogs,2/28/2019 23:35,2019-02-28,23:35:09,159105,2651.8,44.2,1.8,master_cam_photos/Cam08_Phase4_FoxN/Dogs,02280679.JPG,1,Cam08,Phase4,FoxN,Y
26060,Cam08_Phase4_FoxN,Dogs,3/3/2019 23:25,2019-03-03,23:25:48,258559,4309.3,71.8,3,master_cam_photos/Cam08_Phase4_FoxN/Dogs,03030830.JPG,1,Cam08,Phase4,FoxN,Y
26089,Cam08_Phase4_FoxN,LYRU,2/22/2019 19:27,2019-02-22,19:27:54,0,0,0,0,master_cam_photos/Cam08_Phase4_FoxN/LYRU,02220115.JPG,1,Cam08,Phase4,FoxN,Y
27046,Cam08_Phase5_FoxY,Dogs,3/28/2019 9:35,2019-03-28,9:35:24,0,0,0,0,master_cam_photos/Cam08_Phase5_FoxY/Dogs,03280389.JPG,1,Cam08,Phase5,FoxY,Y
27047,Cam08_Phase5_FoxY,Dogs,4/14/2019 7:33,2019-04-14,7:33:29,1461485,24358.1,406,16.9,master_cam_photos/Cam08_Phase5_FoxY/Dogs,04140493.JPG,1,Cam08,Phase5,FoxY,Y
27048,Cam08_Phase5_FoxY,Dogs,4/16/2019 6:49,2019-04-16,6:49:05,170136,2835.6,47.3,2,master_cam_photos/Cam08_Phase5_FoxY/Dogs,04160501.JPG,1,Cam08,Phase5,FoxY,Y
27050,Cam08_Phase5_FoxY,Dogs,4/19/2019 0:39,2019-04-19,0:39:10,237004,3950.1,65.8,2.7,master_cam_photos/Cam08_Phase5_FoxY/Dogs,04190531.JPG,1,Cam08,Phase5,FoxY,Y
27052,Cam08_Phase5_FoxY,Dogs,4/20/2019 22:18,2019-04-20,22:18:27,164356,2739.3,45.7,1.9,master_cam_photos/Cam08_Phase5_FoxY/Dogs,04200547.JPG,1,Cam08,Phase5,FoxY,Y
27054,Cam08_Phase5_FoxY,Dogs,4/21/2019 6:48,2019-04-21,6:48:43,30615,510.2,8.5,0.4,master_cam_photos/Cam08_Phase5_FoxY/Dogs,04210549.JPG,1,Cam08,Phase5,FoxY,Y
27057,Cam08_Phase5_FoxY,Dogs,4/25/2019 6:38,2019-04-25,6:38:36,344903,5748.4,95.8,4,master_cam_photos/Cam08_Phase5_FoxY/Dogs,04250581.JPG,1,Cam08,Phase5,FoxY,Y
27059,Cam08_Phase5_FoxY,Dogs,5/29/2019 5:50,2019-05-29,5:50:45,2934728,48912.1,815.2,34,master_cam_photos/Cam08_Phase5_FoxY/Dogs,05290032.JPG,1,Cam08,Phase5,FoxY,Y
27060,Cam08_Phase5_FoxY,Dogs,5/29/2019 7:31,2019-05-29,7:31:11,6026,100.4,1.7,0.1,master_cam_photos/Cam08_Phase5_FoxY/Dogs,05290050.JPG,1,Cam08,Phase5,FoxY,Y
27061,Cam08_Phase5_FoxY,Dogs,5/30/2019 6:10,2019-05-30,6:10:46,81575,1359.6,22.7,0.9,master_cam_photos/Cam08_Phase5_FoxY/Dogs,05300116.JPG,1,Cam08,Phase5,FoxY,Y
27062,Cam08_Phase5_FoxY,Dogs,6/1/2019 5:59,2019-06-01,5:59:55,172149,2869.2,47.8,2,master_cam_photos/Cam08_Phase5_FoxY/Dogs,06010340.JPG,1,Cam08,Phase5,FoxY,Y
27063,Cam08_Phase5_FoxY,Dogs,6/1/2019 8:07,2019-06-01,8:07:24,7649,127.5,2.1,0.1,master_cam_photos/Cam08_Phase5_FoxY/Dogs,06010390.JPG,1,Cam08,Phase5,FoxY,Y
27079,Cam08_Phase5_FoxY,LYRU,4/3/2019 22:41,2019-04-03,22:41:13,0,0,0,0,master_cam_photos/Cam08_Phase5_FoxY/LYRU,04030421.JPG,1,Cam08,Phase5,FoxY,Y
27082,Cam08_Phase5_FoxY,LYRU,4/6/2019 4:16,2019-04-06,4:16:34,192186,3203.1,53.4,2.2,master_cam_photos/Cam08_Phase5_FoxY/LYRU,04060429.JPG,1,Cam08,Phase5,FoxY,Y
27083,Cam08_Phase5_FoxY,LYRU,4/10/2019 16:45,2019-04-10,16:45:36,390542,6509,108.5,4.5,master_cam_photos/Cam08_Phase5_FoxY/LYRU,04100471.JPG,1,Cam08,Phase5,FoxY,Y
27085,Cam08_Phase5_FoxY,LYRU,4/13/2019 18:10,2019-04-13,18:10:09,264272,4404.5,73.4,3.1,master_cam_photos/Cam08_Phase5_FoxY/LYRU,04130485.JPG,1,Cam08,Phase5,FoxY,Y
27086,Cam08_Phase5_FoxY,LYRU,4/14/2019 4:39,2019-04-14,4:39:50,37781,629.7,10.5,0.4,master_cam_photos/Cam08_Phase5_FoxY/LYRU,04140489.JPG,1,Cam08,Phase5,FoxY,Y
27089,Cam08_Phase5_FoxY,LYRU,4/29/2019 22:45,2019-04-29,22:45:00,1361099,22685,378.1,15.8,master_cam_photos/Cam08_Phase5_FoxY/LYRU,04290713.JPG,1,Cam08,Phase5,FoxY,Y
27090,Cam08_Phase5_FoxY,LYRU,5/9/2019 18:18,2019-05-09,18:18:21,848001,14133.4,235.6,9.8,master_cam_photos/Cam08_Phase5_FoxY/LYRU,05090220.JPG,1,Cam08,Phase5,FoxY,Y
27091,Cam08_Phase5_FoxY,LYRU,5/14/2019 19:19,2019-05-14,19:19:48,435687,7261.4,121,5,master_cam_photos/Cam08_Phase5_FoxY/LYRU,05140324.JPG,1,Cam08,Phase5,FoxY,Y
27093,Cam08_Phase5_FoxY,LYRU,5/22/2019 20:31,2019-05-22,20:31:48,695519,11592,193.2,8,master_cam_photos/Cam08_Phase5_FoxY/LYRU,05220283.JPG,1,Cam08,Phase5,FoxY,Y
28671,Cam08_Phase7_FoxY,LYRU,9/29/2019 7:08,2019-09-29,7:08:46,0,0,0,0,master_cam_photos/Cam08_Phase7_FoxY/LYRU,09290324.JPG,1,Cam08,Phase7,FoxY,N
28890,Cam08_Phase8_FoxN,LYRU,11/10/2019 4:56,2019-11-10,4:56:34,0,0,0,0,master_cam_photos/Cam08_Phase8_FoxN/LYRU,11100523.JPG,1,Cam08,Phase8,FoxN,N
28891,Cam08_Phase8_FoxN,LYRU,11/28/2019 15:51,2019-11-28,15:51:56,1594522,26575.4,442.9,18.5,master_cam_photos/Cam08_Phase8_FoxN/LYRU,11280651.JPG,1,Cam08,Phase8,FoxN,N
29476,Cam08_Phase9_FoxY,Dogs,12/29/2019 18:10,2019-12-29,18:10:37,0,0,0,0,master_cam_photos/Cam08_Phase9_FoxY/Dogs,12290221.JPG,1,Cam08,Phase9,FoxY,Y
29477,Cam08_Phase9_FoxY,Dogs,1/4/2020 8:28,2020-01-04,8:28:24,483467,8057.8,134.3,5.6,master_cam_photos/Cam08_Phase9_FoxY/Dogs,01040259.JPG,1,Cam08,Phase9,FoxY,Y
29481,Cam08_Phase9_FoxY,Dogs,1/8/2020 22:56,2020-01-08,22:56:17,397664,6627.7,110.5,4.6,master_cam_photos/Cam08_Phase9_FoxY/Dogs,01080441.JPG,1,Cam08,Phase9,FoxY,Y
29483,Cam08_Phase9_FoxY,Dogs,1/9/2020 19:28,2020-01-09,19:28:15,73910,1231.8,20.5,0.9,master_cam_photos/Cam08_Phase9_FoxY/Dogs,01090545.JPG,1,Cam08,Phase9,FoxY,Y
29485,Cam08_Phase9_FoxY,Dogs,1/14/2020 1:41,2020-01-14,1:41:33,367997,6133.3,102.2,4.3,master_cam_photos/Cam08_Phase9_FoxY/Dogs,01140699.JPG,1,Cam08,Phase9,FoxY,Y
29486,Cam08_Phase9_FoxY,Dogs,1/14/2020 16:41,2020-01-14,16:41:10,53977,899.6,15,0.6,master_cam_photos/Cam08_Phase9_FoxY/Dogs,01140713.JPG,1,Cam08,Phase9,FoxY,Y
30511,Cam09_Phase3_FoxN,LYRU,2/10/2019 19:24,2019-02-10,19:24:46,0,0,0,0,master_cam_photos/Cam09_Phase3_FoxN/LYRU,02100211.JPG,1,Cam09,Phase3,FoxN,N
30593,Cam09_Phase4_FoxY,Dogs,2/21/2019 23:35,2019-02-21,23:35:26,0,0,0,0,master_cam_photos/Cam09_Phase4_FoxY/Dogs,02210439.JPG,1,Cam09,Phase4,FoxY,Y
31422,Cam09_Phase8_FoxY,Dogs,10/13/2019 1:49,2019-10-13,1:49:04,0,0,0,0,master_cam_photos/Cam09_Phase8_FoxY/Dogs,01020178.JPG,1,Cam09,Phase8,FoxY,Y
31424,Cam09_Phase8_FoxY,Dogs,10/16/2019 11:58,2019-10-16,11:58:53,295305,4921.8,82,3.4,master_cam_photos/Cam09_Phase8_FoxY/Dogs,01060359.JPG,1,Cam09,Phase8,FoxY,Y
31425,Cam09_Phase8_FoxY,Dogs,10/19/2019 10:25,2019-10-19,10:25:40,253607,4226.8,70.4,2.9,master_cam_photos/Cam09_Phase8_FoxY/Dogs,01090090.JPG,1,Cam09,Phase8,FoxY,Y
31426,Cam09_Phase8_FoxY,Dogs,10/25/2019 1:32,2019-10-25,1:32:26,486406,8106.8,135.1,5.6,master_cam_photos/Cam09_Phase8_FoxY/Dogs,01140674.JPG,1,Cam09,Phase8,FoxY,Y
31427,Cam09_Phase8_FoxY,LYRU,11/8/2019 10:27,2019-11-08,10:27:28,0,0,0,0,master_cam_photos/Cam09_Phase8_FoxY/LYRU,01290686.JPG,1,Cam09,Phase8,FoxY,Y
31428,Cam09_Phase8_FoxY,LYRU,11/14/2019 11:02,2019-11-14,11:02:58,520530,8675.5,144.6,6,master_cam_photos/Cam09_Phase8_FoxY/LYRU,02040700.JPG,1,Cam09,Phase8,FoxY,Y
31787,Cam09_Phase9_FoxN,LYRU,12/14/2019 11:35,2019-12-14,11:35:17,0,0,0,0,master_cam_photos/Cam09_Phase9_FoxN/LYRU,12140601.JPG,1,Cam09,Phase9,FoxN,N
31789,Cam09_Phase9_FoxN,LYRU,12/18/2019 7:34,2019-12-18,7:34:19,331140,5519,92,3.8,master_cam_photos/Cam09_Phase9_FoxN/LYRU,12180627.JPG,1,Cam09,Phase9,FoxN,N
31791,Cam09_Phase9_FoxN,LYRU,12/18/2019 8:02,2019-12-18,8:02:07,1667,27.8,0.5,0,master_cam_photos/Cam09_Phase9_FoxN/LYRU,12180629.JPG,1,Cam09,Phase9,FoxN,N
31793,Cam09_Phase9_FoxN,LYRU,12/21/2019 14:32,2019-12-21,14:32:20,282610,4710.2,78.5,3.3,master_cam_photos/Cam09_Phase9_FoxN/LYRU,12210663.JPG,1,Cam09,Phase9,FoxN,N
31980,Cam10_Phase1_FoxY,LYRU,10/23/2018 16:20,2018-10-23,16:20:19,0,0,0,0,master_cam_photos/Cam10_Phase1_FoxY/LYRU,10230031.JPG,1,Cam10,Phase1,FoxY,N
32368,Cam10_Phase3_FoxY,LYRU,2/14/2019 17:06,2019-02-14,17:06:56,0,0,0,0,master_cam_photos/Cam10_Phase3_FoxY/LYRU,02140431.JPG,1,Cam10,Phase3,FoxY,N
32669,Cam10_Phase4_FoxN,Dogs,2/23/2019 18:44,2019-02-23,18:44:41,0,0,0,0,master_cam_photos/Cam10_Phase4_FoxN/Dogs,02230700.JPG,1,Cam10,Phase4,FoxN,Y
32686,Cam10_Phase4_FoxN,LYRU,2/19/2019 11:36,2019-02-19,11:36:33,0,0,0,0,master_cam_photos/Cam10_Phase4_FoxN/LYRU,02190490.JPG,1,Cam10,Phase4,FoxN,Y
35995,Cam10_Phase6_FoxN,Dogs,8/27/2019 18:30,2019-08-27,18:30:36,0,0,0,0,master_cam_photos/Cam10_Phase6_FoxN/Dogs,08270163.JPG,1,Cam10,Phase6,FoxN,Y
35998,Cam10_Phase6_FoxN,LYRU,7/12/2019 23:45,2019-07-12,23:45:38,0,0,0,0,master_cam_photos/Cam10_Phase6_FoxN/LYRU,07120413.JPG,1,Cam10,Phase6,FoxN,Y
35999,Cam10_Phase6_FoxN,LYRU,7/17/2019 0:21,2019-07-17,0:21:52,347774,5796.2,96.6,4,master_cam_photos/Cam10_Phase6_FoxN/LYRU,07170759.JPG,1,Cam10,Phase6,FoxN,Y
36001,Cam10_Phase6_FoxN,LYRU,8/2/2019 4:07,2019-08-02,4:07:32,1395939,23265.7,387.8,16.2,master_cam_photos/Cam10_Phase6_FoxN/LYRU,08020642.JPG,1,Cam10,Phase6,FoxN,Y
36004,Cam10_Phase6_FoxN,LYRU,8/2/2019 5:09,2019-08-02,5:09:44,3722,62,1,0,master_cam_photos/Cam10_Phase6_FoxN/LYRU,08020646.JPG,1,Cam10,Phase6,FoxN,Y
36007,Cam10_Phase6_FoxN,LYRU,8/13/2019 4:18,2019-08-13,4:18:35,947316,15788.6,263.1,11,master_cam_photos/Cam10_Phase6_FoxN/LYRU,08130884.JPG,1,Cam10,Phase6,FoxN,Y
36011,Cam10_Phase6_FoxN,LYRU,8/14/2019 21:35,2019-08-14,21:35:07,148445,2474.1,41.2,1.7,master_cam_photos/Cam10_Phase6_FoxN/LYRU,08140904.JPG,1,Cam10,Phase6,FoxN,Y
36012,Cam10_Phase6_FoxN,LYRU,8/15/2019 23:17,2019-08-15,23:17:36,92549,1542.5,25.7,1.1,master_cam_photos/Cam10_Phase6_FoxN/LYRU,08150916.JPG,1,Cam10,Phase6,FoxN,Y
36258,Cam10_Phase7_FoxY,LYRU,9/12/2019 19:24,2019-09-12,19:24:17,0,0,0,0,master_cam_photos/Cam10_Phase7_FoxY/LYRU,09120023.JPG,1,Cam10,Phase7,FoxY,N
36259,Cam10_Phase7_FoxY,LYRU,9/12/2019 20:15,2019-09-12,20:15:52,3095,51.6,0.9,0,master_cam_photos/Cam10_Phase7_FoxY/LYRU,09120025.JPG,1,Cam10,Phase7,FoxY,N
36741,Cam11_Phase1_FoxN,LYRU,10/21/2018 11:48,2018-10-21,11:48:00,0,0,0,0,master_cam_photos/Cam11_Phase1_FoxN/LYRU,10210028.JPG,1,Cam11,Phase1,FoxN,Y
36745,Cam11_Phase1_FoxN,LYRU,10/22/2018 15:49,2018-10-22,15:49:33,100867,1681.1,28,1.2,master_cam_photos/Cam11_Phase1_FoxN/LYRU,10220048.JPG,1,Cam11,Phase1,FoxN,Y
36747,Cam11_Phase1_FoxN,LYRU,10/25/2018 17:24,2018-10-25,17:24:16,264882,4414.7,73.6,3.1,master_cam_photos/Cam11_Phase1_FoxN/LYRU,10250062.JPG,1,Cam11,Phase1,FoxN,Y
36749,Cam11_Phase1_FoxN,LYRU,10/26/2018 21:51,2018-10-26,21:51:07,102410,1706.8,28.4,1.2,master_cam_photos/Cam11_Phase1_FoxN/LYRU,10260080.JPG,1,Cam11,Phase1,FoxN,Y
36750,Cam11_Phase1_FoxN,LYRU,11/13/2018 16:16,2018-11-13,16:16:03,1535096,25584.9,426.4,17.8,master_cam_photos/Cam11_Phase1_FoxN/LYRU,11130220.JPG,1,Cam11,Phase1,FoxN,Y
36752,Cam11_Phase1_FoxN,LYRU,11/17/2018 15:59,2018-11-17,15:59:49,344625,5743.8,95.7,4,master_cam_photos/Cam11_Phase1_FoxN/LYRU,11170238.JPG,1,Cam11,Phase1,FoxN,Y
36753,Cam11_Phase1_FoxN,LYRU,11/18/2018 10:46,2018-11-18,10:46:15,67586,1126.4,18.8,0.8,master_cam_photos/Cam11_Phase1_FoxN/LYRU,11180240.JPG,1,Cam11,Phase1,FoxN,Y
36754,Cam11_Phase1_FoxN,LYRU,11/19/2018 14:32,2018-11-19,14:32:55,1.00E+05,1666.7,27.8,1.2,master_cam_photos/Cam11_Phase1_FoxN/LYRU,11190242.JPG,1,Cam11,Phase1,FoxN,Y
36757,Cam11_Phase1_FoxN,LYRU,11/21/2018 2:12,2018-11-21,2:12:15,128218,2137,35.6,1.5,master_cam_photos/Cam11_Phase1_FoxN/LYRU,11210246.JPG,1,Cam11,Phase1,FoxN,Y
36759,Cam11_Phase1_FoxN,LYRU,12/6/2018 14:08,2018-12-06,14:08:46,1338990,22316.5,371.9,15.5,master_cam_photos/Cam11_Phase1_FoxN/LYRU,12060258.JPG,1,Cam11,Phase1,FoxN,Y
36785,Cam11_Phase2_FoxY,Dogs,12/20/2018 8:06,2018-12-20,8:06:31,0,0,0,0,master_cam_photos/Cam11_Phase2_FoxY/Dogs,12200428.JPG,1,Cam11,Phase2,FoxY,Y
36786,Cam11_Phase2_FoxY,Dogs,12/20/2018 23:46,2018-12-20,23:46:44,56413,940.2,15.7,0.7,master_cam_photos/Cam11_Phase2_FoxY/Dogs,12200520.JPG,1,Cam11,Phase2,FoxY,Y
36790,Cam11_Phase2_FoxY,Dogs,12/22/2018 8:39,2018-12-22,8:39:53,118331,1972.2,32.9,1.4,master_cam_photos/Cam11_Phase2_FoxY/Dogs,12220640.JPG,1,Cam11,Phase2,FoxY,Y
36792,Cam11_Phase2_FoxY,Dogs,12/23/2018 8:25,2018-12-23,8:25:53,85559,1426,23.8,1,master_cam_photos/Cam11_Phase2_FoxY/Dogs,12230756.JPG,1,Cam11,Phase2,FoxY,Y
37416,Cam11_Phase3_FoxN,LYRU,1/24/2019 16:11,2019-01-24,16:11:24,0,0,0,0,master_cam_photos/Cam11_Phase3_FoxN/LYRU,01240293.JPG,1,Cam11,Phase3,FoxN,N
37431,Cam11_Phase4_FoxY,Dogs,2/22/2019 14:09,2019-02-22,14:09:30,0,0,0,0,master_cam_photos/Cam11_Phase4_FoxY/Dogs,02220075.JPG,1,Cam11,Phase4,FoxY,Y
37433,Cam11_Phase4_FoxY,Dogs,2/24/2019 19:53,2019-02-24,19:53:05,193414,3223.6,53.7,2.2,master_cam_photos/Cam11_Phase4_FoxY/Dogs,02240101.JPG,1,Cam11,Phase4,FoxY,Y
37435,Cam11_Phase4_FoxY,Dogs,3/21/2019 11:28,2019-03-21,11:28:23,2129717,35495.3,591.6,24.7,master_cam_photos/Cam11_Phase4_FoxY/Dogs,03210175.JPG,1,Cam11,Phase4,FoxY,Y
37437,Cam11_Phase4_FoxY,Dogs,3/21/2019 16:16,2019-03-21,16:16:43,17299,288.3,4.8,0.2,master_cam_photos/Cam11_Phase4_FoxY/Dogs,03210273.JPG,1,Cam11,Phase4,FoxY,Y
37440,Cam11_Phase4_FoxY,LYRU,2/27/2019 22:54,2019-02-27,22:54:35,0,0,0,0,master_cam_photos/Cam11_Phase4_FoxY/LYRU,02270107.JPG,1,Cam11,Phase4,FoxY,Y
37441,Cam11_Phase4_FoxY,LYRU,3/11/2019 18:40,2019-03-11,18:40:44,1021569,17026.2,283.8,11.8,master_cam_photos/Cam11_Phase4_FoxY/LYRU,03110123.JPG,1,Cam11,Phase4,FoxY,Y
37949,Cam12_Phase1_FoxY,LYRU,11/27/2018 18:02,2018-11-27,18:02:34,0,0,0,0,master_cam_photos/Cam12_Phase1_FoxY/LYRU,11270846.JPG,1,Cam12,Phase1,FoxY,N
37954,Cam12_Phase2_FoxN,Dogs,12/21/2018 0:01,2018-12-21,0:01:36,0,0,0,0,master_cam_photos/Cam12_Phase2_FoxN/Dogs,12210027.JPG,1,Cam12,Phase2,FoxN,Y
37956,Cam12_Phase2_FoxN,LYRU,12/13/2018 17:31,2018-12-13,17:31:23,0,0,0,0,master_cam_photos/Cam12_Phase2_FoxN/LYRU,12130001.JPG,1,Cam12,Phase2,FoxN,Y
37957,Cam12_Phase2_FoxN,LYRU,12/26/2018 12:57,2018-12-26,12:57:15,1106752,18445.9,307.4,12.8,master_cam_photos/Cam12_Phase2_FoxN/LYRU,12260167.JPG,1,Cam12,Phase2,FoxN,Y
37958,Cam12_Phase2_FoxN,LYRU,12/31/2018 18:57,2018-12-31,18:57:12,453597,7560,126,5.2,master_cam_photos/Cam12_Phase2_FoxN/LYRU,12310223.JPG,1,Cam12,Phase2,FoxN,Y
38100,Cam12_Phase4_FoxN,LYRU,2/18/2019 18:16,2019-02-18,18:16:22,0,0,0,0,master_cam_photos/Cam12_Phase4_FoxN/LYRU,02180031.JPG,1,Cam12,Phase4,FoxN,N
38107,Cam12_Phase4_FoxN,LYRU,2/27/2019 21:43,2019-02-27,21:43:07,789898,13165,219.4,9.1,master_cam_photos/Cam12_Phase4_FoxN/LYRU,02270059.JPG,1,Cam12,Phase4,FoxN,N
